Brand,Model,Year,Engine Type,Part
TOYOTA,COROLLA,2019,Full Hybrid Estate,"shock-absorber-sachs-319-984-for-toyota-prius-_w5_-1-8-2015-2022,shock-absorber-sachs-319-984-for-toyota-prius-_w5_-1-8-2015-2022"
TOYOTA,COROLLA,2019,Full Hybrid Hatch,"shock-absorber-sachs-319-984-for-toyota-prius-_w5_-1-8-2015-2022,shock-absorber-sachs-319-984-for-toyota-prius-_w5_-1-8-2015-2022"
TOYOTA,COROLLA,2019,Full Hybrid Saloon,"shock-absorber-sachs-319-984-for-toyota-prius-_w5_-1-8-2015-2022"
TOYOTA,COROLLA,2019,Petrol Estate,"shock-absorber-sachs-319-984-for-toyota-prius-_w5_-1-8-2015-2022"
TOYOTA,COROLLA,2019,Petrol Hatch,"shock-absorber-sachs-319-984-for-toyota-prius-_w5_-1-8-2015-2022"
TOYOTA,COROLLA,2019,Petrol Saloon,"shock-absorber-sachs-319-984-for-toyota-prius-_w5_-1-8-2015-2022,shock-absorber-sachs-319-984-for-toyota-prius-_w5_-1-8-2015-2022"
TOYOTA,COROLLA,2018,Full Hybrid Hatch,"shock-absorber-sachs-319-984-for-toyota-prius-_w5_-1-8-2015-2022"
TOYOTA,PRIUS,2022,Full Hybrid Hatch,"shock-absorber-sachs-319-984-for-toyota-prius-_w5_-1-8-2015-2022"
TOYOTA,PRIUS,2021,Full Hybrid Hatch,"shock-absorber-sachs-319-984-for-toyota-prius-_w5_-1-8-2015-2022"
TOYOTA,PRIUS,2020,Full Hybrid Hatch,"shock-absorber-sachs-319-984-for-toyota-prius-_w5_-1-8-2015-2022"
TOYOTA,PRIUS,2019,Full Hybrid Hatch,"shock-absorber-sachs-319-984-for-toyota-prius-_w5_-1-8-2015-2022"
TOYOTA,PRIUS,2018,Full Hybrid Hatch,"shock-absorber-sachs-319-984-for-toyota-prius-_w5_-1-8-2015-2022"
TOYOTA,PRIUS,2017,Full Hybrid Hatch,"shock-absorber-sachs-319-984-for-toyota-prius-_w5_-1-8-2015-2022"
TOYOTA,PRIUS,2016,Full Hybrid Hatch,"shock-absorber-sachs-319-984-for-toyota-prius-_w5_-1-8-2015-2022"
TOYOTA,PRIUS,2015,Full Hybrid Hatch,"shock-absorber-sachs-319-984-for-toyota-prius-_w5_-1-8-2015-2022"
TOYOTA,PRIUS PHV,2022,Plug-In Hybrid Hatch,"shock-absorber-sachs-319-984-for-toyota-prius-_w5_-1-8-2015-2022"
TOYOTA,PRIUS PHV,2021,Plug-In Hybrid Hatch,"shock-absorber-sachs-319-984-for-toyota-prius-_w5_-1-8-2015-2022"
TOYOTA,PRIUS PHV,2020,Plug-In Hybrid Hatch,"shock-absorber-sachs-319-984-for-toyota-prius-_w5_-1-8-2015-2022"
TOYOTA,PRIUS PHV,2019,Plug-In Hybrid Hatch,"shock-absorber-sachs-319-984-for-toyota-prius-_w5_-1-8-2015-2022"
TOYOTA,PRIUS PHV,2018,Plug-In Hybrid Hatch,"shock-absorber-sachs-319-984-for-toyota-prius-_w5_-1-8-2015-2022"
TOYOTA,PRIUS PHV,2017,Plug-In Hybrid Hatch,"shock-absorber-sachs-319-984-for-toyota-prius-_w5_-1-8-2015-2022"
TOYOTA,PRIUS PHV,2016,Plug-In Hybrid Hatch,"shock-absorber-sachs-319-984-for-toyota-prius-_w5_-1-8-2015-2022"
TOYOTA,RAV4,2024,Full Hybrid SUV,"shock-absorber-sachs-319-984-for-toyota-prius-_w5_-1-8-2015-2022,shock-absorber-sachs-319-984-for-toyota-prius-_w5_-1-8-2015-2022"
TOYOTA,RAV4,2024,Petrol SUV,"shock-absorber-sachs-319-984-for-toyota-prius-_w5_-1-8-2015-2022,shock-absorber-sachs-319-984-for-toyota-prius-_w5_-1-8-2015-2022,shock-absorber-sachs-319-984-for-toyota-prius-_w5_-1-8-2015-2022,shock-absorber-sachs-319-984-for-toyota-prius-_w5_-1-8-2015-2022,shock-absorber-sachs-319-984-for-toyota-prius-_w5_-1-8-2015-2022,shock-absorber-sachs-319-984-for-toyota-prius-_w5_-1-8-2015-2022,shock-absorber-sachs-319-984-for-toyota-prius-_w5_-1-8-2015-2022,shock-absorber-sachs-319-984-for-toyota-prius-_w5_-1-8-2015-2022,shock-absorber-sachs-319-984-for-toyota-prius-_w5_-1-8-2015-2022"
TOYOTA,RAV4,2023,Full Hybrid SUV,"shock-absorber-sachs-319-984-for-toyota-prius-_w5_-1-8-2015-2022,shock-absorber-sachs-319-984-for-toyota-prius-_w5_-1-8-2015-2022"
TOYOTA,RAV4,2023,Petrol SUV,"shock-absorber-sachs-319-984-for-toyota-prius-_w5_-1-8-2015-2022,shock-absorber-sachs-319-984-for-toyota-prius-_w5_-1-8-2015-2022,shock-absorber-sachs-319-984-for-toyota-prius-_w5_-1-8-2015-2022,shock-absorber-sachs-319-984-for-toyota-prius-_w5_-1-8-2015-2022,shock-absorber-sachs-319-984-for-toyota-prius-_w5_-1-8-2015-2022,shock-absorber-sachs-319-984-for-toyota-prius-_w5_-1-8-2015-2022,shock-absorber-sachs-319-984-for-toyota-prius-_w5_-1-8-2015-2022,shock-absorber-sachs-319-984-for-toyota-prius-_w5_-1-8-2015-2022,shock-absorber-sachs-319-984-for-toyota-prius-_w5_-1-8-2015-2022"
TOYOTA,RAV4,2022,Full Hybrid SUV,"shock-absorber-sachs-319-984-for-toyota-prius-_w5_-1-8-2015-2022,shock-absorber-sachs-319-984-for-toyota-prius-_w5_-1-8-2015-2022"
TOYOTA,RAV4,2022,Petrol SUV,"shock-absorber-sachs-319-984-for-toyota-prius-_w5_-1-8-2015-2022,shock-absorber-sachs-319-984-for-toyota-prius-_w5_-1-8-2015-2022,shock-absorber-sachs-319-984-for-toyota-prius-_w5_-1-8-2015-2022,shock-absorber-sachs-319-984-for-toyota-prius-_w5_-1-8-2015-2022,shock-absorber-sachs-319-984-for-toyota-prius-_w5_-1-8-2015-2022,shock-absorber-sachs-319-984-for-toyota-prius-_w5_-1-8-2015-2022,shock-absorber-sachs-319-984-for-toyota-prius-_w5_-1-8-2015-2022,shock-absorber-sachs-319-984-for-toyota-prius-_w5_-1-8-2015-2022,shock-absorber-sachs-319-984-for-toyota-prius-_w5_-1-8-2015-2022"
TOYOTA,RAV4,2021,Full Hybrid SUV,"shock-absorber-sachs-319-984-for-toyota-prius-_w5_-1-8-2015-2022,shock-absorber-sachs-319-984-for-toyota-prius-_w5_-1-8-2015-2022"
TOYOTA,RAV4,2021,Petrol SUV,"shock-absorber-sachs-319-984-for-toyota-prius-_w5_-1-8-2015-2022,shock-absorber-sachs-319-984-for-toyota-prius-_w5_-1-8-2015-2022,shock-absorber-sachs-319-984-for-toyota-prius-_w5_-1-8-2015-2022,shock-absorber-sachs-319-984-for-toyota-prius-_w5_-1-8-2015-2022,shock-absorber-sachs-319-984-for-toyota-prius-_w5_-1-8-2015-2022,shock-absorber-sachs-319-984-for-toyota-prius-_w5_-1-8-2015-2022,shock-absorber-sachs-319-984-for-toyota-prius-_w5_-1-8-2015-2022,shock-absorber-sachs-319-984-for-toyota-prius-_w5_-1-8-2015-2022,shock-absorber-sachs-319-984-for-toyota-prius-_w5_-1-8-2015-2022"
TOYOTA,RAV4,2020,Full Hybrid SUV,"shock-absorber-sachs-319-984-for-toyota-prius-_w5_-1-8-2015-2022,shock-absorber-sachs-319-984-for-toyota-prius-_w5_-1-8-2015-2022"
TOYOTA,RAV4,2020,Petrol SUV,"shock-absorber-sachs-319-984-for-toyota-prius-_w5_-1-8-2015-2022,shock-absorber-sachs-319-984-for-toyota-prius-_w5_-1-8-2015-2022,shock-absorber-sachs-319-984-for-toyota-prius-_w5_-1-8-2015-2022,shock-absorber-sachs-319-984-for-toyota-prius-_w5_-1-8-2015-2022,shock-absorber-sachs-319-984-for-toyota-prius-_w5_-1-8-2015-2022,shock-absorber-sachs-319-984-for-toyota-prius-_w5_-1-8-2015-2022,shock-absorber-sachs-319-984-for-toyota-prius-_w5_-1-8-2015-2022,shock-absorber-sachs-319-984-for-toyota-prius-_w5_-1-8-2015-2022,shock-absorber-sachs-319-984-for-toyota-prius-_w5_-1-8-2015-2022"
TOYOTA,RAV4,2019,Full Hybrid SUV,"shock-absorber-sachs-319-984-for-toyota-prius-_w5_-1-8-2015-2022,shock-absorber-sachs-319-984-for-toyota-prius-_w5_-1-8-2015-2022"
INFINITI,I35,2004,Base Sedan 4-Door,"rear-wheel-bearing-and-hub-pair-for-infiniti-i30-i35-nissan-maxima"
INFINITI,I35,2003,Base Sedan 4-Door,"rear-wheel-bearing-and-hub-pair-for-infiniti-i30-i35-nissan-maxima"
NISSAN,MAXIMA,2003,GLE Sedan 4-Door,"rear-wheel-bearing-and-hub-pair-for-infiniti-i30-i35-nissan-maxima"
NISSAN,MAXIMA,2003,GXE Sedan 4-Door,"rear-wheel-bearing-and-hub-pair-for-infiniti-i30-i35-nissan-maxima"
NISSAN,MAXIMA,2003,SE Sedan 4-Door,"rear-wheel-bearing-and-hub-pair-for-infiniti-i30-i35-nissan-maxima"
INFINITI,I35,2002,Base Sedan 4-Door,"rear-wheel-bearing-and-hub-pair-for-infiniti-i30-i35-nissan-maxima"
NISSAN,MAXIMA,2002,GLE Sedan 4-Door,"rear-wheel-bearing-and-hub-pair-for-infiniti-i30-i35-nissan-maxima"
NISSAN,MAXIMA,2002,GXE Sedan 4-Door,"rear-wheel-bearing-and-hub-pair-for-infiniti-i30-i35-nissan-maxima"
NISSAN,MAXIMA,2002,SE Sedan 4-Door,"rear-wheel-bearing-and-hub-pair-for-infiniti-i30-i35-nissan-maxima"
INFINITI,I30,2001,Base Sedan 4-Door,"rear-wheel-bearing-and-hub-pair-for-infiniti-i30-i35-nissan-maxima"
INFINITI,I30,2001,T Sedan 4-Door,"rear-wheel-bearing-and-hub-pair-for-infiniti-i30-i35-nissan-maxima"
NISSAN,MAXIMA,2001,GLE Sedan 4-Door,"rear-wheel-bearing-and-hub-pair-for-infiniti-i30-i35-nissan-maxima"
NISSAN,MAXIMA,2001,GXE Sedan 4-Door,"rear-wheel-bearing-and-hub-pair-for-infiniti-i30-i35-nissan-maxima"
NISSAN,MAXIMA,2001,SE 20th Anniversary Edition Sedan 4-Door,"rear-wheel-bearing-and-hub-pair-for-infiniti-i30-i35-nissan-maxima"
NISSAN,MAXIMA,2001,SE Sedan 4-Door,"rear-wheel-bearing-and-hub-pair-for-infiniti-i30-i35-nissan-maxima"
INFINITI,I30,2000,Base Sedan 4-Door,"rear-wheel-bearing-and-hub-pair-for-infiniti-i30-i35-nissan-maxima"
INFINITI,I30,2000,T Sedan 4-Door,"rear-wheel-bearing-and-hub-pair-for-infiniti-i30-i35-nissan-maxima"
NISSAN,MAXIMA,2000,GLE Sedan 4-Door,"rear-wheel-bearing-and-hub-pair-for-infiniti-i30-i35-nissan-maxima"
NISSAN,MAXIMA,2000,GXE Sedan 4-Door,"rear-wheel-bearing-and-hub-pair-for-infiniti-i30-i35-nissan-maxima"
NISSAN,MAXIMA,2000,SE Sedan 4-Door,"rear-wheel-bearing-and-hub-pair-for-infiniti-i30-i35-nissan-maxima"
MERCEDES-BENZ,CLS400,2016,4Matic Sedan 4-Door,"rear-wheel-bearing-module-for-mercedes-benz-cl550-cl600-cls400-e250-e320-e350"
MERCEDES-BENZ,CLS400,2016,Base Sedan 4-Door,"rear-wheel-bearing-module-for-mercedes-benz-cl550-cl600-cls400-e250-e320-e350,rear-wheel-bearing-module-for-mercedes-benz-cl550-cl600-cls400-e250-e320-e350"
MERCEDES-BENZ,CLS550,2016,4Matic Sedan 4-Door,"rear-wheel-bearing-module-for-mercedes-benz-cl550-cl600-cls400-e250-e320-e350"
MERCEDES-BENZ,CLS550,2016,Base Sedan 4-Door,"rear-wheel-bearing-module-for-mercedes-benz-cl550-cl600-cls400-e250-e320-e350"
MERCEDES-BENZ,E63 AMG,2016,Base Sedan 4-Door,"rear-wheel-bearing-module-for-mercedes-benz-cl550-cl600-cls400-e250-e320-e350"
MERCEDES-BENZ,E250,2016,Avantgarde Sedan 4-Door,"rear-wheel-bearing-module-for-mercedes-benz-cl550-cl600-cls400-e250-e320-e350"
MERCEDES-BENZ,E250,2016,Base Convertible 2-Door,"rear-wheel-bearing-module-for-mercedes-benz-cl550-cl600-cls400-e250-e320-e350,rear-wheel-bearing-module-for-mercedes-benz-cl550-cl600-cls400-e250-e320-e350"
MERCEDES-BENZ,E250,2016,Base Coupe 2-Door,"rear-wheel-bearing-module-for-mercedes-benz-cl550-cl600-cls400-e250-e320-e350,rear-wheel-bearing-module-for-mercedes-benz-cl550-cl600-cls400-e250-e320-e350"
MERCEDES-BENZ,E250,2016,Bluetec 4Matic Sedan 4-Door,"rear-wheel-bearing-module-for-mercedes-benz-cl550-cl600-cls400-e250-e320-e350"
MERCEDES-BENZ,E250,2016,Bluetec Sedan 4-Door,"rear-wheel-bearing-module-for-mercedes-benz-cl550-cl600-cls400-e250-e320-e350"
MERCEDES-BENZ,E250,2016,E250 BlueTEC Luxury Sedan 4-Door,"rear-wheel-bearing-module-for-mercedes-benz-cl550-cl600-cls400-e250-e320-e350"
MERCEDES-BENZ,E250,2016,E250 BlueTEC Sport Sedan 4-Door,"rear-wheel-bearing-module-for-mercedes-benz-cl550-cl600-cls400-e250-e320-e350"
MERCEDES-BENZ,E350,2016,4Matic Sedan 4-Door,"rear-wheel-bearing-module-for-mercedes-benz-cl550-cl600-cls400-e250-e320-e350,rear-wheel-bearing-module-for-mercedes-benz-cl550-cl600-cls400-e250-e320-e350"
MERCEDES-BENZ,E350,2016,4Matic Wagon 4-Door,"rear-wheel-bearing-module-for-mercedes-benz-cl550-cl600-cls400-e250-e320-e350,rear-wheel-bearing-module-for-mercedes-benz-cl550-cl600-cls400-e250-e320-e350"
MERCEDES-BENZ,E350,2016,Base Sedan 4-Door,"rear-wheel-bearing-module-for-mercedes-benz-cl550-cl600-cls400-e250-e320-e350,rear-wheel-bearing-module-for-mercedes-benz-cl550-cl600-cls400-e250-e320-e350"
MERCEDES-BENZ,E350,2016,E350 Luxury Sedan 4-Door,"rear-wheel-bearing-module-for-mercedes-benz-cl550-cl600-cls400-e250-e320-e350"
MERCEDES-BENZ,E350,2016,E350 Luxury Wagon 4-Door,"rear-wheel-bearing-module-for-mercedes-benz-cl550-cl600-cls400-e250-e320-e350"
MERCEDES-BENZ,E350,2016,E350 Sport Sedan 4-Door,"rear-wheel-bearing-module-for-mercedes-benz-cl550-cl600-cls400-e250-e320-e350"
MERCEDES-BENZ,E350,2016,E350 Sport Wagon 4-Door,"rear-wheel-bearing-module-for-mercedes-benz-cl550-cl600-cls400-e250-e320-e350"
MERCEDES-BENZ,E400,2016,4Matic Coupe 2-Door,"rear-wheel-bearing-module-for-mercedes-benz-cl550-cl600-cls400-e250-e320-e350"
MERCEDES-BENZ,E400,2016,4Matic Sedan 4-Door,"rear-wheel-bearing-module-for-mercedes-benz-cl550-cl600-cls400-e250-e320-e350"
MERCEDES-BENZ,E400,2016,4Matic Wagon 4-Door,"rear-wheel-bearing-module-for-mercedes-benz-cl550-cl600-cls400-e250-e320-e350"
MERCEDES-BENZ,E400,2016,Base Convertible 2-Door,"rear-wheel-bearing-module-for-mercedes-benz-cl550-cl600-cls400-e250-e320-e350,rear-wheel-bearing-module-for-mercedes-benz-cl550-cl600-cls400-e250-e320-e350"
MERCEDES-BENZ,E400,2016,Base Coupe 2-Door,"rear-wheel-bearing-module-for-mercedes-benz-cl550-cl600-cls400-e250-e320-e350,rear-wheel-bearing-module-for-mercedes-benz-cl550-cl600-cls400-e250-e320-e350"
MERCEDES-BENZ,E400,2016,Base Sedan 4-Door,"rear-wheel-bearing-module-for-mercedes-benz-cl550-cl600-cls400-e250-e320-e350"
MERCEDES-BENZ,E400,2016,E400 Convertible 2-Door,"rear-wheel-bearing-module-for-mercedes-benz-cl550-cl600-cls400-e250-e320-e350"
MERCEDES-BENZ,E400,2016,E400 Coupe 2-Door,"rear-wheel-bearing-module-for-mercedes-benz-cl550-cl600-cls400-e250-e320-e350"
MERCEDES-BENZ,E400,2016,E400 Sedan 4-Door,"rear-wheel-bearing-module-for-mercedes-benz-cl550-cl600-cls400-e250-e320-e350"
MERCEDES-BENZ,E400,2016,Sport Sedan 4-Door,"rear-wheel-bearing-module-for-mercedes-benz-cl550-cl600-cls400-e250-e320-e350"
MERCEDES-BENZ,SL63 AMG,2016,Base Convertible 2-Door,"rear-wheel-bearing-module-for-mercedes-benz-cl550-cl600-cls400-e250-e320-e350"
MERCEDES-BENZ,SL65 AMG,2016,Base Convertible 2-Door,"rear-wheel-bearing-module-for-mercedes-benz-cl550-cl600-cls400-e250-e320-e350"
MERCEDES-BENZ,SL550,2016,Base Convertible 2-Door,"rear-wheel-bearing-module-for-mercedes-benz-cl550-cl600-cls400-e250-e320-e350"
MERCEDES-BENZ,C63 AMG,2015,Base Coupe 2-Door,"rear-wheel-bearing-module-for-mercedes-benz-cl550-cl600-cls400-e250-e320-e350"
MERCEDES-BENZ,C63 AMG,2015,Base Sedan 4-Door,"rear-wheel-bearing-module-for-mercedes-benz-cl550-cl600-cls400-e250-e320-e350"
MERCEDES-BENZ,C63 AMG,2015,Edition 507 Coupe 2-Door,"rear-wheel-bearing-module-for-mercedes-benz-cl550-cl600-cls400-e250-e320-e350"
MERCEDES-BENZ,CLS400,2015,4Matic Sedan 4-Door,"rear-wheel-bearing-module-for-mercedes-benz-cl550-cl600-cls400-e250-e320-e350"
MERCEDES-BENZ,CLS400,2015,Base Sedan 4-Door,"rear-wheel-bearing-module-for-mercedes-benz-cl550-cl600-cls400-e250-e320-e350,rear-wheel-bearing-module-for-mercedes-benz-cl550-cl600-cls400-e250-e320-e350"
MERCEDES-BENZ,CLS550,2015,4Matic Sedan 4-Door,"rear-wheel-bearing-module-for-mercedes-benz-cl550-cl600-cls400-e250-e320-e350"
MERCEDES-BENZ,CLS550,2015,Base Sedan 4-Door,"rear-wheel-bearing-module-for-mercedes-benz-cl550-cl600-cls400-e250-e320-e350"
MERCEDES-BENZ,E63 AMG,2015,4Matic Sedan 4-Door,"rear-wheel-bearing-module-for-mercedes-benz-cl550-cl600-cls400-e250-e320-e350"
MERCEDES-BENZ,E63 AMG,2015,Base Sedan 4-Door,"rear-wheel-bearing-module-for-mercedes-benz-cl550-cl600-cls400-e250-e320-e350"
MERCEDES-BENZ,E250,2015,Avantgarde Sedan 4-Door,"rear-wheel-bearing-module-for-mercedes-benz-cl550-cl600-cls400-e250-e320-e350"
MERCEDES-BENZ,E250,2015,Base Convertible 2-Door,"rear-wheel-bearing-module-for-mercedes-benz-cl550-cl600-cls400-e250-e320-e350,rear-wheel-bearing-module-for-mercedes-benz-cl550-cl600-cls400-e250-e320-e350"
MERCEDES-BENZ,E250,2015,Base Coupe 2-Door,"rear-wheel-bearing-module-for-mercedes-benz-cl550-cl600-cls400-e250-e320-e350,rear-wheel-bearing-module-for-mercedes-benz-cl550-cl600-cls400-e250-e320-e350"
MERCEDES-BENZ,E250,2015,Bluetec 4Matic Sedan 4-Door,"rear-wheel-bearing-module-for-mercedes-benz-cl550-cl600-cls400-e250-e320-e350"
MERCEDES-BENZ,E250,2015,Bluetec Sedan 4-Door,"rear-wheel-bearing-module-for-mercedes-benz-cl550-cl600-cls400-e250-e320-e350"
MERCEDES-BENZ,E350,2015,4Matic Sedan 4-Door,"rear-wheel-bearing-module-for-mercedes-benz-cl550-cl600-cls400-e250-e320-e350,rear-wheel-bearing-module-for-mercedes-benz-cl550-cl600-cls400-e250-e320-e350"
MERCEDES-BENZ,E350,2015,4Matic Wagon 4-Door,"rear-wheel-bearing-module-for-mercedes-benz-cl550-cl600-cls400-e250-e320-e350,rear-wheel-bearing-module-for-mercedes-benz-cl550-cl600-cls400-e250-e320-e350"
MERCEDES-BENZ,E350,2015,Base Sedan 4-Door,"rear-wheel-bearing-module-for-mercedes-benz-cl550-cl600-cls400-e250-e320-e350,rear-wheel-bearing-module-for-mercedes-benz-cl550-cl600-cls400-e250-e320-e350"
MERCEDES-BENZ,E400,2015,4Matic Coupe 2-Door,"rear-wheel-bearing-module-for-mercedes-benz-cl550-cl600-cls400-e250-e320-e350"
MERCEDES-BENZ,E400,2015,4Matic Sedan 4-Door,"rear-wheel-bearing-module-for-mercedes-benz-cl550-cl600-cls400-e250-e320-e350"
MERCEDES-BENZ,E400,2015,4Matic Wagon 4-Door,"rear-wheel-bearing-module-for-mercedes-benz-cl550-cl600-cls400-e250-e320-e350"
MERCEDES-BENZ,E400,2015,Base Convertible 2-Door,"rear-wheel-bearing-module-for-mercedes-benz-cl550-cl600-cls400-e250-e320-e350,rear-wheel-bearing-module-for-mercedes-benz-cl550-cl600-cls400-e250-e320-e350"
MERCEDES-BENZ,E400,2015,Base Coupe 2-Door,"rear-wheel-bearing-module-for-mercedes-benz-cl550-cl600-cls400-e250-e320-e350,rear-wheel-bearing-module-for-mercedes-benz-cl550-cl600-cls400-e250-e320-e350"
MERCEDES-BENZ,E400,2015,Base Sedan 4-Door,"rear-wheel-bearing-module-for-mercedes-benz-cl550-cl600-cls400-e250-e320-e350"
MERCEDES-BENZ,E400,2015,Sport Sedan 4-Door,"rear-wheel-bearing-module-for-mercedes-benz-cl550-cl600-cls400-e250-e320-e350"
MERCEDES-BENZ,GLK250,2015,Bluetec 4Matic Sport Utility 4-Door,"rear-wheel-bearing-module-for-mercedes-benz-cl550-cl600-cls400-e250-e320-e350"
MERCEDES-BENZ,SL63 AMG,2015,Base Convertible 2-Door,"rear-wheel-bearing-module-for-mercedes-benz-cl550-cl600-cls400-e250-e320-e350"
MERCEDES-BENZ,SL65 AMG,2015,Base Convertible 2-Door,"rear-wheel-bearing-module-for-mercedes-benz-cl550-cl600-cls400-e250-e320-e350"
MERCEDES-BENZ,SL550,2015,Base Convertible 2-Door,"rear-wheel-bearing-module-for-mercedes-benz-cl550-cl600-cls400-e250-e320-e350"
MERCEDES-BENZ,C63 AMG,2014,Base Coupe 2-Door,"rear-wheel-bearing-module-for-mercedes-benz-cl550-cl600-cls400-e250-e320-e350"
MERCEDES-BENZ,C63 AMG,2014,Base Sedan 4-Door,"rear-wheel-bearing-module-for-mercedes-benz-cl550-cl600-cls400-e250-e320-e350"
MERCEDES-BENZ,CL63 AMG,2014,Base Coupe 2-Door,"rear-wheel-bearing-module-for-mercedes-benz-cl550-cl600-cls400-e250-e320-e350"
MERCEDES-BENZ,CL65 AMG,2014,Base Coupe 2-Door,"rear-wheel-bearing-module-for-mercedes-benz-cl550-cl600-cls400-e250-e320-e350"
MERCEDES-BENZ,CL550,2014,4Matic Coupe 2-Door,"rear-wheel-bearing-module-for-mercedes-benz-cl550-cl600-cls400-e250-e320-e350"
MERCEDES-BENZ,CL600,2014,Base Coupe 2-Door,"rear-wheel-bearing-module-for-mercedes-benz-cl550-cl600-cls400-e250-e320-e350"
MERCEDES-BENZ,CLS63 AMG,2014,4Matic Sedan 4-Door,"rear-wheel-bearing-module-for-mercedes-benz-cl550-cl600-cls400-e250-e320-e350"
MERCEDES-BENZ,CLS63 AMG,2014,Base Sedan 4-Door,"rear-wheel-bearing-module-for-mercedes-benz-cl550-cl600-cls400-e250-e320-e350"
MERCEDES-BENZ,CLS63 AMG,2014,Base Wagon 4-Door,"rear-wheel-bearing-module-for-mercedes-benz-cl550-cl600-cls400-e250-e320-e350"
MERCEDES-BENZ,CLS550,2014,4Matic Sedan 4-Door,"rear-wheel-bearing-module-for-mercedes-benz-cl550-cl600-cls400-e250-e320-e350"
MERCEDES-BENZ,CLS550,2014,Base Sedan 4-Door,"rear-wheel-bearing-module-for-mercedes-benz-cl550-cl600-cls400-e250-e320-e350"
MERCEDES-BENZ,E63 AMG,2014,4Matic Sedan 4-Door,"rear-wheel-bearing-module-for-mercedes-benz-cl550-cl600-cls400-e250-e320-e350"
MERCEDES-BENZ,E63 AMG,2014,4Matic Wagon 4-Door,"rear-wheel-bearing-module-for-mercedes-benz-cl550-cl600-cls400-e250-e320-e350"
MERCEDES-BENZ,E63 AMG,2014,Base Sedan 4-Door,"rear-wheel-bearing-module-for-mercedes-benz-cl550-cl600-cls400-e250-e320-e350"
MERCEDES-BENZ,E250,2014,Avantgarde Sedan 4-Door,"rear-wheel-bearing-module-for-mercedes-benz-cl550-cl600-cls400-e250-e320-e350"
MERCEDES-BENZ,E250,2014,Base Convertible 2-Door,"rear-wheel-bearing-module-for-mercedes-benz-cl550-cl600-cls400-e250-e320-e350,rear-wheel-bearing-module-for-mercedes-benz-cl550-cl600-cls400-e250-e320-e350"
MERCEDES-BENZ,E250,2014,Base Coupe 2-Door,"rear-wheel-bearing-module-for-mercedes-benz-cl550-cl600-cls400-e250-e320-e350,rear-wheel-bearing-module-for-mercedes-benz-cl550-cl600-cls400-e250-e320-e350"
MERCEDES-BENZ,E250,2014,Bluetec 4Matic Sedan 4-Door,"rear-wheel-bearing-module-for-mercedes-benz-cl550-cl600-cls400-e250-e320-e350"
MERCEDES-BENZ,E250,2014,Bluetec Sedan 4-Door,"rear-wheel-bearing-module-for-mercedes-benz-cl550-cl600-cls400-e250-e320-e350"
MERCEDES-BENZ,E350,2014,4Matic Coupe 2-Door,"rear-wheel-bearing-module-for-mercedes-benz-cl550-cl600-cls400-e250-e320-e350,rear-wheel-bearing-module-for-mercedes-benz-cl550-cl600-cls400-e250-e320-e350"
MERCEDES-BENZ,E350,2014,4Matic Sedan 4-Door,"rear-wheel-bearing-module-for-mercedes-benz-cl550-cl600-cls400-e250-e320-e350,rear-wheel-bearing-module-for-mercedes-benz-cl550-cl600-cls400-e250-e320-e350"
MERCEDES-BENZ,E350,2014,4Matic Wagon 4-Door,"rear-wheel-bearing-module-for-mercedes-benz-cl550-cl600-cls400-e250-e320-e350,rear-wheel-bearing-module-for-mercedes-benz-cl550-cl600-cls400-e250-e320-e350"
MERCEDES-BENZ,E350,2014,Base Convertible 2-Door,"rear-wheel-bearing-module-for-mercedes-benz-cl550-cl600-cls400-e250-e320-e350,rear-wheel-bearing-module-for-mercedes-benz-cl550-cl600-cls400-e250-e320-e350"
MERCEDES-BENZ,E350,2014,Base Coupe 2-Door,"rear-wheel-bearing-module-for-mercedes-benz-cl550-cl600-cls400-e250-e320-e350,rear-wheel-bearing-module-for-mercedes-benz-cl550-cl600-cls400-e250-e320-e350"
MERCEDES-BENZ,E350,2014,Base Sedan 4-Door,"rear-wheel-bearing-module-for-mercedes-benz-cl550-cl600-cls400-e250-e320-e350,rear-wheel-bearing-module-for-mercedes-benz-cl550-cl600-cls400-e250-e320-e350"
MERCEDES-BENZ,E400,2014,Base Convertible 2-Door,"rear-wheel-bearing-module-for-mercedes-benz-cl550-cl600-cls400-e250-e320-e350"
MERCEDES-BENZ,E400,2014,Base Coupe 2-Door,"rear-wheel-bearing-module-for-mercedes-benz-cl550-cl600-cls400-e250-e320-e350"
MERCEDES-BENZ,E400,2014,Sport Sedan 4-Door,"rear-wheel-bearing-module-for-mercedes-benz-cl550-cl600-cls400-e250-e320-e350"
MERCEDES-BENZ,E550,2014,4Matic Sedan 4-Door,"rear-wheel-bearing-module-for-mercedes-benz-cl550-cl600-cls400-e250-e320-e350"
MERCEDES-BENZ,E550,2014,Base Convertible 2-Door,"rear-wheel-bearing-module-for-mercedes-benz-cl550-cl600-cls400-e250-e320-e350"
MERCEDES-BENZ,E550,2014,Base Coupe 2-Door,"rear-wheel-bearing-module-for-mercedes-benz-cl550-cl600-cls400-e250-e320-e350"
MERCEDES-BENZ,GLK250,2014,Bluetec 4Matic Sport Utility 4-Door,"rear-wheel-bearing-module-for-mercedes-benz-cl550-cl600-cls400-e250-e320-e350"
MERCEDES-BENZ,SL63 AMG,2014,Base Convertible 2-Door,"rear-wheel-bearing-module-for-mercedes-benz-cl550-cl600-cls400-e250-e320-e350"
MERCEDES-BENZ,SL63 AMG,2014,Base Sedan 4-Door,"rear-wheel-bearing-module-for-mercedes-benz-cl550-cl600-cls400-e250-e320-e350"
MERCEDES-BENZ,SL65 AMG,2014,Base Convertible 2-Door,"rear-wheel-bearing-module-for-mercedes-benz-cl550-cl600-cls400-e250-e320-e350"
MERCEDES-BENZ,SL550,2014,Base Convertible 2-Door,"rear-wheel-bearing-module-for-mercedes-benz-cl550-cl600-cls400-e250-e320-e350"
MERCEDES-BENZ,C63 AMG,2013,Base Coupe 2-Door,"rear-wheel-bearing-module-for-mercedes-benz-cl550-cl600-cls400-e250-e320-e350"
MERCEDES-BENZ,C63 AMG,2013,Base Sedan 4-Door,"rear-wheel-bearing-module-for-mercedes-benz-cl550-cl600-cls400-e250-e320-e350"
MERCEDES-BENZ,CL63 AMG,2013,Base Coupe 2-Door,"rear-wheel-bearing-module-for-mercedes-benz-cl550-cl600-cls400-e250-e320-e350"
MERCEDES-BENZ,CL65 AMG,2013,Base Coupe 2-Door,"rear-wheel-bearing-module-for-mercedes-benz-cl550-cl600-cls400-e250-e320-e350"
MERCEDES-BENZ,CL550,2013,4Matic Coupe 2-Door,"rear-wheel-bearing-module-for-mercedes-benz-cl550-cl600-cls400-e250-e320-e350"
MERCEDES-BENZ,CL600,2013,Base Coupe 2-Door,"rear-wheel-bearing-module-for-mercedes-benz-cl550-cl600-cls400-e250-e320-e350"
MERCEDES-BENZ,CLS63 AMG,2013,Base Sedan 4-Door,"rear-wheel-bearing-module-for-mercedes-benz-cl550-cl600-cls400-e250-e320-e350"
MERCEDES-BENZ,CLS550,2013,4Matic Sedan 4-Door,"rear-wheel-bearing-module-for-mercedes-benz-cl550-cl600-cls400-e250-e320-e350"
MERCEDES-BENZ,CLS550,2013,Base Sedan 4-Door,"rear-wheel-bearing-module-for-mercedes-benz-cl550-cl600-cls400-e250-e320-e350"
MERCEDES-BENZ,E63 AMG,2013,Base Sedan 4-Door,"rear-wheel-bearing-module-for-mercedes-benz-cl550-cl600-cls400-e250-e320-e350"
MERCEDES-BENZ,E63 AMG,2013,Base Wagon 4-Door,"rear-wheel-bearing-module-for-mercedes-benz-cl550-cl600-cls400-e250-e320-e350"
MERCEDES-BENZ,E350,2013,4Matic Coupe 2-Door,"rear-wheel-bearing-module-for-mercedes-benz-cl550-cl600-cls400-e250-e320-e350,rear-wheel-bearing-module-for-mercedes-benz-cl550-cl600-cls400-e250-e320-e350"
MERCEDES-BENZ,E350,2013,4Matic Sedan 4-Door,"rear-wheel-bearing-module-for-mercedes-benz-cl550-cl600-cls400-e250-e320-e350,rear-wheel-bearing-module-for-mercedes-benz-cl550-cl600-cls400-e250-e320-e350"
MERCEDES-BENZ,E350,2013,4Matic Wagon 4-Door,"rear-wheel-bearing-module-for-mercedes-benz-cl550-cl600-cls400-e250-e320-e350,rear-wheel-bearing-module-for-mercedes-benz-cl550-cl600-cls400-e250-e320-e350"
MERCEDES-BENZ,E350,2013,Base Convertible 2-Door,"rear-wheel-bearing-module-for-mercedes-benz-cl550-cl600-cls400-e250-e320-e350,rear-wheel-bearing-module-for-mercedes-benz-cl550-cl600-cls400-e250-e320-e350"
MERCEDES-BENZ,E350,2013,Base Coupe 2-Door,"rear-wheel-bearing-module-for-mercedes-benz-cl550-cl600-cls400-e250-e320-e350,rear-wheel-bearing-module-for-mercedes-benz-cl550-cl600-cls400-e250-e320-e350"
MERCEDES-BENZ,E350,2013,Base Sedan 4-Door,"rear-wheel-bearing-module-for-mercedes-benz-cl550-cl600-cls400-e250-e320-e350,rear-wheel-bearing-module-for-mercedes-benz-cl550-cl600-cls400-e250-e320-e350"
MERCEDES-BENZ,E350,2013,Bluetec Sedan 4-Door,"rear-wheel-bearing-module-for-mercedes-benz-cl550-cl600-cls400-e250-e320-e350"
MERCEDES-BENZ,E550,2013,4Matic Sedan 4-Door,"rear-wheel-bearing-module-for-mercedes-benz-cl550-cl600-cls400-e250-e320-e350"
MERCEDES-BENZ,E550,2013,Base Convertible 2-Door,"rear-wheel-bearing-module-for-mercedes-benz-cl550-cl600-cls400-e250-e320-e350"
MERCEDES-BENZ,E550,2013,Base Coupe 2-Door,"rear-wheel-bearing-module-for-mercedes-benz-cl550-cl600-cls400-e250-e320-e350"
MERCEDES-BENZ,GLK250,2013,Bluetec 4Matic Sport Utility 4-Door,"rear-wheel-bearing-module-for-mercedes-benz-cl550-cl600-cls400-e250-e320-e350"
MERCEDES-BENZ,S63 AMG,2013,Base Sedan 4-Door,"rear-wheel-bearing-module-for-mercedes-benz-cl550-cl600-cls400-e250-e320-e350,rear-wheel-bearing-module-for-mercedes-benz-cl550-cl600-cls400-e250-e320-e350"
MERCEDES-BENZ,S65 AMG,2013,Base Sedan 4-Door,"rear-wheel-bearing-module-for-mercedes-benz-cl550-cl600-cls400-e250-e320-e350"
MERCEDES-BENZ,S350,2013,Base Sedan 4-Door,"rear-wheel-bearing-module-for-mercedes-benz-cl550-cl600-cls400-e250-e320-e350"
MERCEDES-BENZ,S350,2013,Bluetec 4Matic Sedan 4-Door,"rear-wheel-bearing-module-for-mercedes-benz-cl550-cl600-cls400-e250-e320-e350"
MERCEDES-BENZ,S550,2013,4Matic Sedan 4-Door,"rear-wheel-bearing-module-for-mercedes-benz-cl550-cl600-cls400-e250-e320-e350"
MERCEDES-BENZ,S550,2013,Base Sedan 4-Door,"rear-wheel-bearing-module-for-mercedes-benz-cl550-cl600-cls400-e250-e320-e350"
MERCEDES-BENZ,S600,2013,Base Sedan 4-Door,"rear-wheel-bearing-module-for-mercedes-benz-cl550-cl600-cls400-e250-e320-e350"
MERCEDES-BENZ,SL63 AMG,2013,Base Convertible 2-Door,"rear-wheel-bearing-module-for-mercedes-benz-cl550-cl600-cls400-e250-e320-e350"
MERCEDES-BENZ,SL65 AMG,2013,Base Convertible 2-Door,"rear-wheel-bearing-module-for-mercedes-benz-cl550-cl600-cls400-e250-e320-e350"
MERCEDES-BENZ,SL550,2013,Base Convertible 2-Door,"rear-wheel-bearing-module-for-mercedes-benz-cl550-cl600-cls400-e250-e320-e350"
MERCEDES-BENZ,C63 AMG,2012,Base Coupe 2-Door,"rear-wheel-bearing-module-for-mercedes-benz-cl550-cl600-cls400-e250-e320-e350"
MERCEDES-BENZ,C63 AMG,2012,Base Sedan 4-Door,"rear-wheel-bearing-module-for-mercedes-benz-cl550-cl600-cls400-e250-e320-e350"
MERCEDES-BENZ,C63 AMG,2012,Black Series Coupe 2-Door,"rear-wheel-bearing-module-for-mercedes-benz-cl550-cl600-cls400-e250-e320-e350"
MERCEDES-BENZ,CL63 AMG,2012,Base Coupe 2-Door,"rear-wheel-bearing-module-for-mercedes-benz-cl550-cl600-cls400-e250-e320-e350,rear-wheel-bearing-module-for-mercedes-benz-cl550-cl600-cls400-e250-e320-e350"
MERCEDES-BENZ,CL65 AMG,2012,Base Coupe 2-Door,"rear-wheel-bearing-module-for-mercedes-benz-cl550-cl600-cls400-e250-e320-e350"
MERCEDES-BENZ,CL550,2012,4Matic Coupe 2-Door,"rear-wheel-bearing-module-for-mercedes-benz-cl550-cl600-cls400-e250-e320-e350"
MERCEDES-BENZ,CL600,2012,Base Coupe 2-Door,"rear-wheel-bearing-module-for-mercedes-benz-cl550-cl600-cls400-e250-e320-e350"
MERCEDES-BENZ,CLS63 AMG,2012,Base Sedan 4-Door,"rear-wheel-bearing-module-for-mercedes-benz-cl550-cl600-cls400-e250-e320-e350"
MERCEDES-BENZ,CLS550,2012,4Matic Sedan 4-Door,"rear-wheel-bearing-module-for-mercedes-benz-cl550-cl600-cls400-e250-e320-e350"
MERCEDES-BENZ,CLS550,2012,Base Sedan 4-Door,"rear-wheel-bearing-module-for-mercedes-benz-cl550-cl600-cls400-e250-e320-e350"
MERCEDES-BENZ,E63 AMG,2012,Base Sedan 4-Door,"rear-wheel-bearing-module-for-mercedes-benz-cl550-cl600-cls400-e250-e320-e350"
MERCEDES-BENZ,E63 AMG,2012,Base Wagon 4-Door,"rear-wheel-bearing-module-for-mercedes-benz-cl550-cl600-cls400-e250-e320-e350"
MERCEDES-BENZ,E350,2012,4Matic Coupe 2-Door,"rear-wheel-bearing-module-for-mercedes-benz-cl550-cl600-cls400-e250-e320-e350"
MERCEDES-BENZ,E350,2012,4Matic Sedan 4-Door,"rear-wheel-bearing-module-for-mercedes-benz-cl550-cl600-cls400-e250-e320-e350,rear-wheel-bearing-module-for-mercedes-benz-cl550-cl600-cls400-e250-e320-e350"
MERCEDES-BENZ,E350,2012,4Matic Wagon 4-Door,"rear-wheel-bearing-module-for-mercedes-benz-cl550-cl600-cls400-e250-e320-e350,rear-wheel-bearing-module-for-mercedes-benz-cl550-cl600-cls400-e250-e320-e350"
MERCEDES-BENZ,E350,2012,Base Convertible 2-Door,"rear-wheel-bearing-module-for-mercedes-benz-cl550-cl600-cls400-e250-e320-e350,rear-wheel-bearing-module-for-mercedes-benz-cl550-cl600-cls400-e250-e320-e350"
MERCEDES-BENZ,E350,2012,Base Coupe 2-Door,"rear-wheel-bearing-module-for-mercedes-benz-cl550-cl600-cls400-e250-e320-e350,rear-wheel-bearing-module-for-mercedes-benz-cl550-cl600-cls400-e250-e320-e350"
MERCEDES-BENZ,E350,2012,Base Sedan 4-Door,"rear-wheel-bearing-module-for-mercedes-benz-cl550-cl600-cls400-e250-e320-e350,rear-wheel-bearing-module-for-mercedes-benz-cl550-cl600-cls400-e250-e320-e350"
MERCEDES-BENZ,E350,2012,Bluetec Sedan 4-Door,"rear-wheel-bearing-module-for-mercedes-benz-cl550-cl600-cls400-e250-e320-e350"
MERCEDES-BENZ,E550,2012,4Matic Sedan 4-Door,"rear-wheel-bearing-module-for-mercedes-benz-cl550-cl600-cls400-e250-e320-e350"
MERCEDES-BENZ,E550,2012,Base Convertible 2-Door,"rear-wheel-bearing-module-for-mercedes-benz-cl550-cl600-cls400-e250-e320-e350"
MERCEDES-BENZ,E550,2012,Base Coupe 2-Door,"rear-wheel-bearing-module-for-mercedes-benz-cl550-cl600-cls400-e250-e320-e350"
MERCEDES-BENZ,S63 AMG,2012,Base Sedan 4-Door,"rear-wheel-bearing-module-for-mercedes-benz-cl550-cl600-cls400-e250-e320-e350,rear-wheel-bearing-module-for-mercedes-benz-cl550-cl600-cls400-e250-e320-e350,rear-wheel-bearing-module-for-mercedes-benz-cl550-cl600-cls400-e250-e320-e350"
MERCEDES-BENZ,S65 AMG,2012,Base Sedan 4-Door,"rear-wheel-bearing-module-for-mercedes-benz-cl550-cl600-cls400-e250-e320-e350"
MERCEDES-BENZ,S350,2012,Base Sedan 4-Door,"rear-wheel-bearing-module-for-mercedes-benz-cl550-cl600-cls400-e250-e320-e350"
MERCEDES-BENZ,S350,2012,Bluetec 4Matic Sedan 4-Door,"rear-wheel-bearing-module-for-mercedes-benz-cl550-cl600-cls400-e250-e320-e350"
MERCEDES-BENZ,S550,2012,4Matic Sedan 4-Door,"rear-wheel-bearing-module-for-mercedes-benz-cl550-cl600-cls400-e250-e320-e350"
MERCEDES-BENZ,S550,2012,Base Sedan 4-Door,"rear-wheel-bearing-module-for-mercedes-benz-cl550-cl600-cls400-e250-e320-e350"
MERCEDES-BENZ,S600,2012,Base Sedan 4-Door,"rear-wheel-bearing-module-for-mercedes-benz-cl550-cl600-cls400-e250-e320-e350"
MERCEDES-BENZ,C63 AMG,2011,Base Sedan 4-Door,"rear-wheel-bearing-module-for-mercedes-benz-cl550-cl600-cls400-e250-e320-e350"
MERCEDES-BENZ,CL63 AMG,2011,Base Coupe 2-Door,"rear-wheel-bearing-module-for-mercedes-benz-cl550-cl600-cls400-e250-e320-e350,rear-wheel-bearing-module-for-mercedes-benz-cl550-cl600-cls400-e250-e320-e350"
MERCEDES-BENZ,CL65 AMG,2011,Base Coupe 2-Door,"rear-wheel-bearing-module-for-mercedes-benz-cl550-cl600-cls400-e250-e320-e350"
MERCEDES-BENZ,CL550,2011,4Matic Coupe 2-Door,"rear-wheel-bearing-module-for-mercedes-benz-cl550-cl600-cls400-e250-e320-e350"
MERCEDES-BENZ,CL600,2011,Base Coupe 2-Door,"rear-wheel-bearing-module-for-mercedes-benz-cl550-cl600-cls400-e250-e320-e350"
MERCEDES-BENZ,CLS63 AMG,2011,Base Sedan 4-Door,"rear-wheel-bearing-module-for-mercedes-benz-cl550-cl600-cls400-e250-e320-e350"
MERCEDES-BENZ,CLS550,2011,Base Sedan 4-Door,"rear-wheel-bearing-module-for-mercedes-benz-cl550-cl600-cls400-e250-e320-e350"
MERCEDES-BENZ,E63 AMG,2011,Base Sedan 4-Door,"rear-wheel-bearing-module-for-mercedes-benz-cl550-cl600-cls400-e250-e320-e350"
MERCEDES-BENZ,E350,2011,4Matic Sedan 4-Door,"rear-wheel-bearing-module-for-mercedes-benz-cl550-cl600-cls400-e250-e320-e350"
MERCEDES-BENZ,E350,2011,4Matic Wagon 4-Door,"rear-wheel-bearing-module-for-mercedes-benz-cl550-cl600-cls400-e250-e320-e350"
MERCEDES-BENZ,E350,2011,Base Convertible 2-Door,"rear-wheel-bearing-module-for-mercedes-benz-cl550-cl600-cls400-e250-e320-e350"
MERCEDES-BENZ,E350,2011,Base Coupe 2-Door,"rear-wheel-bearing-module-for-mercedes-benz-cl550-cl600-cls400-e250-e320-e350"
MERCEDES-BENZ,E350,2011,Base Sedan 4-Door,"rear-wheel-bearing-module-for-mercedes-benz-cl550-cl600-cls400-e250-e320-e350"
MERCEDES-BENZ,E350,2011,Bluetec Sedan 4-Door,"rear-wheel-bearing-module-for-mercedes-benz-cl550-cl600-cls400-e250-e320-e350"
MERCEDES-BENZ,E550,2011,4Matic Sedan 4-Door,"rear-wheel-bearing-module-for-mercedes-benz-cl550-cl600-cls400-e250-e320-e350"
MERCEDES-BENZ,E550,2011,Base Convertible 2-Door,"rear-wheel-bearing-module-for-mercedes-benz-cl550-cl600-cls400-e250-e320-e350"
MERCEDES-BENZ,E550,2011,Base Coupe 2-Door,"rear-wheel-bearing-module-for-mercedes-benz-cl550-cl600-cls400-e250-e320-e350"
MERCEDES-BENZ,E550,2011,Base Sedan 4-Door,"rear-wheel-bearing-module-for-mercedes-benz-cl550-cl600-cls400-e250-e320-e350"
MERCEDES-BENZ,S63 AMG,2011,Base Sedan 4-Door,"rear-wheel-bearing-module-for-mercedes-benz-cl550-cl600-cls400-e250-e320-e350,rear-wheel-bearing-module-for-mercedes-benz-cl550-cl600-cls400-e250-e320-e350"
MERCEDES-BENZ,S65 AMG,2011,Base Sedan 4-Door,"rear-wheel-bearing-module-for-mercedes-benz-cl550-cl600-cls400-e250-e320-e350"
MERCEDES-BENZ,S550,2011,4Matic Sedan 4-Door,"rear-wheel-bearing-module-for-mercedes-benz-cl550-cl600-cls400-e250-e320-e350"
MERCEDES-BENZ,S550,2011,Base Sedan 4-Door,"rear-wheel-bearing-module-for-mercedes-benz-cl550-cl600-cls400-e250-e320-e350"
MERCEDES-BENZ,S600,2011,Base Sedan 4-Door,"rear-wheel-bearing-module-for-mercedes-benz-cl550-cl600-cls400-e250-e320-e350"
MERCEDES-BENZ,C63 AMG,2010,Base Sedan 4-Door,"rear-wheel-bearing-module-for-mercedes-benz-cl550-cl600-cls400-e250-e320-e350"
MERCEDES-BENZ,CL63 AMG,2010,Base Coupe 2-Door,"rear-wheel-bearing-module-for-mercedes-benz-cl550-cl600-cls400-e250-e320-e350"
MERCEDES-BENZ,CL65 AMG,2010,Base Coupe 2-Door,"rear-wheel-bearing-module-for-mercedes-benz-cl550-cl600-cls400-e250-e320-e350"
MERCEDES-BENZ,CL550,2010,4Matic Coupe 2-Door,"rear-wheel-bearing-module-for-mercedes-benz-cl550-cl600-cls400-e250-e320-e350"
MERCEDES-BENZ,CL600,2010,Base Coupe 2-Door,"rear-wheel-bearing-module-for-mercedes-benz-cl550-cl600-cls400-e250-e320-e350"
MERCEDES-BENZ,CLS63 AMG,2010,Base Sedan 4-Door,"rear-wheel-bearing-module-for-mercedes-benz-cl550-cl600-cls400-e250-e320-e350"
MERCEDES-BENZ,CLS550,2010,Base Sedan 4-Door,"rear-wheel-bearing-module-for-mercedes-benz-cl550-cl600-cls400-e250-e320-e350"
MERCEDES-BENZ,E63 AMG,2010,Base Sedan 4-Door,"rear-wheel-bearing-module-for-mercedes-benz-cl550-cl600-cls400-e250-e320-e350"
MERCEDES-BENZ,E350,2010,4Matic Sedan 4-Door,"rear-wheel-bearing-module-for-mercedes-benz-cl550-cl600-cls400-e250-e320-e350"
MERCEDES-BENZ,E350,2010,Base Coupe 2-Door,"rear-wheel-bearing-module-for-mercedes-benz-cl550-cl600-cls400-e250-e320-e350"
MERCEDES-BENZ,E350,2010,Base Sedan 4-Door,"rear-wheel-bearing-module-for-mercedes-benz-cl550-cl600-cls400-e250-e320-e350"
MERCEDES-BENZ,E550,2010,4Matic Sedan 4-Door,"rear-wheel-bearing-module-for-mercedes-benz-cl550-cl600-cls400-e250-e320-e350"
MERCEDES-BENZ,E550,2010,Base Coupe 2-Door,"rear-wheel-bearing-module-for-mercedes-benz-cl550-cl600-cls400-e250-e320-e350"
MERCEDES-BENZ,E550,2010,Base Sedan 4-Door,"rear-wheel-bearing-module-for-mercedes-benz-cl550-cl600-cls400-e250-e320-e350"
MERCEDES-BENZ,S63 AMG,2010,Base Sedan 4-Door,"rear-wheel-bearing-module-for-mercedes-benz-cl550-cl600-cls400-e250-e320-e350,rear-wheel-bearing-module-for-mercedes-benz-cl550-cl600-cls400-e250-e320-e350"
MERCEDES-BENZ,S65 AMG,2010,Base Sedan 4-Door,"rear-wheel-bearing-module-for-mercedes-benz-cl550-cl600-cls400-e250-e320-e350"
MERCEDES-BENZ,S550,2010,4Matic Sedan 4-Door,"rear-wheel-bearing-module-for-mercedes-benz-cl550-cl600-cls400-e250-e320-e350"
MERCEDES-BENZ,S550,2010,Base Sedan 4-Door,"rear-wheel-bearing-module-for-mercedes-benz-cl550-cl600-cls400-e250-e320-e350"
MERCEDES-BENZ,S600,2010,Base Sedan 4-Door,"rear-wheel-bearing-module-for-mercedes-benz-cl550-cl600-cls400-e250-e320-e350"
MERCEDES-BENZ,C63 AMG,2009,Base Sedan 4-Door,"rear-wheel-bearing-module-for-mercedes-benz-cl550-cl600-cls400-e250-e320-e350"
MERCEDES-BENZ,CL550,2009,4Matic Coupe 2-Door,"rear-wheel-bearing-module-for-mercedes-benz-cl550-cl600-cls400-e250-e320-e350"
MERCEDES-BENZ,CLS63 AMG,2009,Base Sedan 4-Door,"rear-wheel-bearing-module-for-mercedes-benz-cl550-cl600-cls400-e250-e320-e350"
MERCEDES-BENZ,CLS550,2009,Base Sedan 4-Door,"rear-wheel-bearing-module-for-mercedes-benz-cl550-cl600-cls400-e250-e320-e350"
MERCEDES-BENZ,E63 AMG,2009,Base Sedan 4-Door,"rear-wheel-bearing-module-for-mercedes-benz-cl550-cl600-cls400-e250-e320-e350"
MERCEDES-BENZ,E63 AMG,2009,Base Wagon 4-Door,"rear-wheel-bearing-module-for-mercedes-benz-cl550-cl600-cls400-e250-e320-e350"
MERCEDES-BENZ,E320,2009,Bluetec Sedan 4-Door,"rear-wheel-bearing-module-for-mercedes-benz-cl550-cl600-cls400-e250-e320-e350"
MERCEDES-BENZ,E350,2009,4Matic Sedan 4-Door,"rear-wheel-bearing-module-for-mercedes-benz-cl550-cl600-cls400-e250-e320-e350"
MERCEDES-BENZ,E350,2009,4Matic Wagon 4-Door,"rear-wheel-bearing-module-for-mercedes-benz-cl550-cl600-cls400-e250-e320-e350"
MERCEDES-BENZ,E350,2009,Base Sedan 4-Door,"rear-wheel-bearing-module-for-mercedes-benz-cl550-cl600-cls400-e250-e320-e350"
MERCEDES-BENZ,E550,2009,4Matic Sedan 4-Door,"rear-wheel-bearing-module-for-mercedes-benz-cl550-cl600-cls400-e250-e320-e350"
MERCEDES-BENZ,E550,2009,Base Sedan 4-Door,"rear-wheel-bearing-module-for-mercedes-benz-cl550-cl600-cls400-e250-e320-e350"
MERCEDES-BENZ,S63 AMG,2009,Base Sedan 4-Door,"rear-wheel-bearing-module-for-mercedes-benz-cl550-cl600-cls400-e250-e320-e350"
MERCEDES-BENZ,S65 AMG,2009,Base Sedan 4-Door,"rear-wheel-bearing-module-for-mercedes-benz-cl550-cl600-cls400-e250-e320-e350"
MERCEDES-BENZ,S550,2009,4Matic Sedan 4-Door,"rear-wheel-bearing-module-for-mercedes-benz-cl550-cl600-cls400-e250-e320-e350"
MERCEDES-BENZ,S550,2009,Base Sedan 4-Door,"rear-wheel-bearing-module-for-mercedes-benz-cl550-cl600-cls400-e250-e320-e350"
MERCEDES-BENZ,S600,2009,Base Sedan 4-Door,"rear-wheel-bearing-module-for-mercedes-benz-cl550-cl600-cls400-e250-e320-e350"
MERCEDES-BENZ,C63 AMG,2008,Base Sedan 4-Door,"rear-wheel-bearing-module-for-mercedes-benz-cl550-cl600-cls400-e250-e320-e350"
MERCEDES-BENZ,CL550,2008,Base Coupe 2-Door,"rear-wheel-bearing-module-for-mercedes-benz-cl550-cl600-cls400-e250-e320-e350"
MERCEDES-BENZ,CLK63 AMG,2008,Base Convertible 2-Door,"rear-wheel-bearing-module-for-mercedes-benz-cl550-cl600-cls400-e250-e320-e350"
MERCEDES-BENZ,CLK63 AMG,2008,Black Series Coupe 2-Door,"rear-wheel-bearing-module-for-mercedes-benz-cl550-cl600-cls400-e250-e320-e350"
MERCEDES-BENZ,CLS63 AMG,2008,Base Sedan 4-Door,"rear-wheel-bearing-module-for-mercedes-benz-cl550-cl600-cls400-e250-e320-e350"
MERCEDES-BENZ,CLS550,2008,Base Sedan 4-Door,"rear-wheel-bearing-module-for-mercedes-benz-cl550-cl600-cls400-e250-e320-e350"
MERCEDES-BENZ,E63 AMG,2008,Base Sedan 4-Door,"rear-wheel-bearing-module-for-mercedes-benz-cl550-cl600-cls400-e250-e320-e350"
MERCEDES-BENZ,E63 AMG,2008,Base Wagon 4-Door,"rear-wheel-bearing-module-for-mercedes-benz-cl550-cl600-cls400-e250-e320-e350"
MERCEDES-BENZ,E320,2008,Bluetec Sedan 4-Door,"rear-wheel-bearing-module-for-mercedes-benz-cl550-cl600-cls400-e250-e320-e350"
MERCEDES-BENZ,E350,2008,4Matic Sedan 4-Door,"rear-wheel-bearing-module-for-mercedes-benz-cl550-cl600-cls400-e250-e320-e350"
MERCEDES-BENZ,E350,2008,4Matic Wagon 4-Door,"rear-wheel-bearing-module-for-mercedes-benz-cl550-cl600-cls400-e250-e320-e350"
MERCEDES-BENZ,E350,2008,Base Sedan 4-Door,"rear-wheel-bearing-module-for-mercedes-benz-cl550-cl600-cls400-e250-e320-e350"
MERCEDES-BENZ,E550,2008,4Matic Sedan 4-Door,"rear-wheel-bearing-module-for-mercedes-benz-cl550-cl600-cls400-e250-e320-e350"
MERCEDES-BENZ,E550,2008,Base Sedan 4-Door,"rear-wheel-bearing-module-for-mercedes-benz-cl550-cl600-cls400-e250-e320-e350"
MERCEDES-BENZ,S63 AMG,2008,Base Sedan 4-Door,"rear-wheel-bearing-module-for-mercedes-benz-cl550-cl600-cls400-e250-e320-e350"
MERCEDES-BENZ,S65 AMG,2008,Base Sedan 4-Door,"rear-wheel-bearing-module-for-mercedes-benz-cl550-cl600-cls400-e250-e320-e350"
MERCEDES-BENZ,S550,2008,4Matic Sedan 4-Door,"rear-wheel-bearing-module-for-mercedes-benz-cl550-cl600-cls400-e250-e320-e350"
MERCEDES-BENZ,S550,2008,Base Sedan 4-Door,"rear-wheel-bearing-module-for-mercedes-benz-cl550-cl600-cls400-e250-e320-e350"
MERCEDES-BENZ,S600,2008,Base Sedan 4-Door,"rear-wheel-bearing-module-for-mercedes-benz-cl550-cl600-cls400-e250-e320-e350"
MERCEDES-BENZ,CL550,2007,Base Coupe 2-Door,"rear-wheel-bearing-module-for-mercedes-benz-cl550-cl600-cls400-e250-e320-e350"
MERCEDES-BENZ,CLS63 AMG,2007,Base Sedan 4-Door,"rear-wheel-bearing-module-for-mercedes-benz-cl550-cl600-cls400-e250-e320-e350"
MERCEDES-BENZ,CLS550,2007,Base Sedan 4-Door,"rear-wheel-bearing-module-for-mercedes-benz-cl550-cl600-cls400-e250-e320-e350"
MERCEDES-BENZ,E63 AMG,2007,Base Sedan 4-Door,"rear-wheel-bearing-module-for-mercedes-benz-cl550-cl600-cls400-e250-e320-e350"
MERCEDES-BENZ,E63 AMG,2007,Base Wagon 4-Door,"rear-wheel-bearing-module-for-mercedes-benz-cl550-cl600-cls400-e250-e320-e350"
MERCEDES-BENZ,E320,2007,Bluetec Sedan 4-Door,"rear-wheel-bearing-module-for-mercedes-benz-cl550-cl600-cls400-e250-e320-e350"
MERCEDES-BENZ,E350,2007,4Matic Sedan 4-Door,"rear-wheel-bearing-module-for-mercedes-benz-cl550-cl600-cls400-e250-e320-e350"
MERCEDES-BENZ,E350,2007,4Matic Wagon 4-Door,"rear-wheel-bearing-module-for-mercedes-benz-cl550-cl600-cls400-e250-e320-e350"
MERCEDES-BENZ,E350,2007,Base Sedan 4-Door,"rear-wheel-bearing-module-for-mercedes-benz-cl550-cl600-cls400-e250-e320-e350"
MERCEDES-BENZ,E550,2007,4Matic Sedan 4-Door,"rear-wheel-bearing-module-for-mercedes-benz-cl550-cl600-cls400-e250-e320-e350"
MERCEDES-BENZ,E550,2007,Base Sedan 4-Door,"rear-wheel-bearing-module-for-mercedes-benz-cl550-cl600-cls400-e250-e320-e350"
MERCEDES-BENZ,S65 AMG,2007,Base Sedan 4-Door,"rear-wheel-bearing-module-for-mercedes-benz-cl550-cl600-cls400-e250-e320-e350"
MERCEDES-BENZ,S550,2007,Base Sedan 4-Door,"rear-wheel-bearing-module-for-mercedes-benz-cl550-cl600-cls400-e250-e320-e350"
MERCEDES-BENZ,S600,2007,Base Sedan 4-Door,"rear-wheel-bearing-module-for-mercedes-benz-cl550-cl600-cls400-e250-e320-e350"
MERCEDES-BENZ,CLS55 AMG,2006,Base Sedan 4-Door,"rear-wheel-bearing-module-for-mercedes-benz-cl550-cl600-cls400-e250-e320-e350,rear-wheel-bearing-module-for-mercedes-benz-cl550-cl600-cls400-e250-e320-e350"
MERCEDES-BENZ,CLS500,2006,Base Sedan 4-Door,"rear-wheel-bearing-module-for-mercedes-benz-cl550-cl600-cls400-e250-e320-e350"
MERCEDES-BENZ,E55 AMG,2006,Base Sedan 4-Door,"rear-wheel-bearing-module-for-mercedes-benz-cl550-cl600-cls400-e250-e320-e350,rear-wheel-bearing-module-for-mercedes-benz-cl550-cl600-cls400-e250-e320-e350"
MERCEDES-BENZ,E55 AMG,2006,Base Wagon 4-Door,"rear-wheel-bearing-module-for-mercedes-benz-cl550-cl600-cls400-e250-e320-e350"
MERCEDES-BENZ,E350,2006,4Matic Sedan 4-Door,"rear-wheel-bearing-module-for-mercedes-benz-cl550-cl600-cls400-e250-e320-e350"
MERCEDES-BENZ,E350,2006,4Matic Wagon 4-Door,"rear-wheel-bearing-module-for-mercedes-benz-cl550-cl600-cls400-e250-e320-e350"
MERCEDES-BENZ,E350,2006,Base Sedan 4-Door,"rear-wheel-bearing-module-for-mercedes-benz-cl550-cl600-cls400-e250-e320-e350"
MERCEDES-BENZ,E350,2006,Base Wagon 4-Door,"rear-wheel-bearing-module-for-mercedes-benz-cl550-cl600-cls400-e250-e320-e350"
MERCEDES-BENZ,E500,2006,4Matic Sedan 4-Door,"rear-wheel-bearing-module-for-mercedes-benz-cl550-cl600-cls400-e250-e320-e350"
MERCEDES-BENZ,E500,2006,4Matic Wagon 4-Door,"rear-wheel-bearing-module-for-mercedes-benz-cl550-cl600-cls400-e250-e320-e350"
MERCEDES-BENZ,E500,2006,Base Sedan 4-Door,"rear-wheel-bearing-module-for-mercedes-benz-cl550-cl600-cls400-e250-e320-e350"
MERCEDES-BENZ,E55 AMG,2005,Base Sedan 4-Door,"rear-wheel-bearing-module-for-mercedes-benz-cl550-cl600-cls400-e250-e320-e350,rear-wheel-bearing-module-for-mercedes-benz-cl550-cl600-cls400-e250-e320-e350"
MERCEDES-BENZ,E320,2005,4Matic Sedan 4-Door,"rear-wheel-bearing-module-for-mercedes-benz-cl550-cl600-cls400-e250-e320-e350"
MERCEDES-BENZ,E320,2005,4Matic Wagon 4-Door,"rear-wheel-bearing-module-for-mercedes-benz-cl550-cl600-cls400-e250-e320-e350"
MERCEDES-BENZ,E320,2005,Base Sedan 4-Door,"rear-wheel-bearing-module-for-mercedes-benz-cl550-cl600-cls400-e250-e320-e350"
MERCEDES-BENZ,E320,2005,Base Wagon 4-Door,"rear-wheel-bearing-module-for-mercedes-benz-cl550-cl600-cls400-e250-e320-e350"
MERCEDES-BENZ,E320,2005,CDI Sedan 4-Door,"rear-wheel-bearing-module-for-mercedes-benz-cl550-cl600-cls400-e250-e320-e350"
MERCEDES-BENZ,E500,2005,4Matic Sedan 4-Door,"rear-wheel-bearing-module-for-mercedes-benz-cl550-cl600-cls400-e250-e320-e350"
MERCEDES-BENZ,E500,2005,4Matic Wagon 4-Door,"rear-wheel-bearing-module-for-mercedes-benz-cl550-cl600-cls400-e250-e320-e350"
MERCEDES-BENZ,E500,2005,Base Sedan 4-Door,"rear-wheel-bearing-module-for-mercedes-benz-cl550-cl600-cls400-e250-e320-e350"
MERCEDES-BENZ,E55 AMG,2004,Base Sedan 4-Door,"rear-wheel-bearing-module-for-mercedes-benz-cl550-cl600-cls400-e250-e320-e350,rear-wheel-bearing-module-for-mercedes-benz-cl550-cl600-cls400-e250-e320-e350"
MERCEDES-BENZ,E320,2004,4Matic Sedan 4-Door,"rear-wheel-bearing-module-for-mercedes-benz-cl550-cl600-cls400-e250-e320-e350"
MERCEDES-BENZ,E320,2004,4Matic Wagon 4-Door,"rear-wheel-bearing-module-for-mercedes-benz-cl550-cl600-cls400-e250-e320-e350"
MERCEDES-BENZ,E320,2004,Base Sedan 4-Door,"rear-wheel-bearing-module-for-mercedes-benz-cl550-cl600-cls400-e250-e320-e350"
MERCEDES-BENZ,E320,2004,Base Wagon 4-Door,"rear-wheel-bearing-module-for-mercedes-benz-cl550-cl600-cls400-e250-e320-e350"
MERCEDES-BENZ,E500,2004,4Matic Sedan 4-Door,"rear-wheel-bearing-module-for-mercedes-benz-cl550-cl600-cls400-e250-e320-e350"
MERCEDES-BENZ,E500,2004,4Matic Wagon 4-Door,"rear-wheel-bearing-module-for-mercedes-benz-cl550-cl600-cls400-e250-e320-e350"
MERCEDES-BENZ,E500,2004,Base Sedan 4-Door,"rear-wheel-bearing-module-for-mercedes-benz-cl550-cl600-cls400-e250-e320-e350"
MERCEDES-BENZ,E500,2003,Base Sedan 4-Door,"rear-wheel-bearing-module-for-mercedes-benz-cl550-cl600-cls400-e250-e320-e350"
HONDA,CIVIC,2013,Petrol Saloon,"rear-wheel-bearing-hub-assembly-for-honda-civic-mk8-2005-2013-klt-hd-053ab"
HONDA,CIVIC,2012,Mild Hybrid Saloon,"rear-wheel-bearing-hub-assembly-for-honda-civic-mk8-2005-2013-klt-hd-053ab,rear-wheel-bearing-hub-assembly-for-honda-civic-mk8-2005-2013-klt-hd-053ab"
HONDA,CIVIC,2012,Petrol Saloon,"rear-wheel-bearing-hub-assembly-for-honda-civic-mk8-2005-2013-klt-hd-053ab,rear-wheel-bearing-hub-assembly-for-honda-civic-mk8-2005-2013-klt-hd-053ab,rear-wheel-bearing-hub-assembly-for-honda-civic-mk8-2005-2013-klt-hd-053ab,rear-wheel-bearing-hub-assembly-for-honda-civic-mk8-2005-2013-klt-hd-053ab"
HONDA,CIVIC,2011,Mild Hybrid Saloon,"rear-wheel-bearing-hub-assembly-for-honda-civic-mk8-2005-2013-klt-hd-053ab,rear-wheel-bearing-hub-assembly-for-honda-civic-mk8-2005-2013-klt-hd-053ab"
HONDA,CIVIC,2011,Petrol Saloon,"rear-wheel-bearing-hub-assembly-for-honda-civic-mk8-2005-2013-klt-hd-053ab,rear-wheel-bearing-hub-assembly-for-honda-civic-mk8-2005-2013-klt-hd-053ab,rear-wheel-bearing-hub-assembly-for-honda-civic-mk8-2005-2013-klt-hd-053ab,rear-wheel-bearing-hub-assembly-for-honda-civic-mk8-2005-2013-klt-hd-053ab"
HONDA,CIVIC,2010,Mild Hybrid Saloon,"rear-wheel-bearing-hub-assembly-for-honda-civic-mk8-2005-2013-klt-hd-053ab,rear-wheel-bearing-hub-assembly-for-honda-civic-mk8-2005-2013-klt-hd-053ab"
HONDA,CIVIC,2010,Petrol Saloon,"rear-wheel-bearing-hub-assembly-for-honda-civic-mk8-2005-2013-klt-hd-053ab,rear-wheel-bearing-hub-assembly-for-honda-civic-mk8-2005-2013-klt-hd-053ab,rear-wheel-bearing-hub-assembly-for-honda-civic-mk8-2005-2013-klt-hd-053ab,rear-wheel-bearing-hub-assembly-for-honda-civic-mk8-2005-2013-klt-hd-053ab"
HONDA,CIVIC,2009,Mild Hybrid Saloon,"rear-wheel-bearing-hub-assembly-for-honda-civic-mk8-2005-2013-klt-hd-053ab"
HONDA,CIVIC,2009,Petrol Saloon,"rear-wheel-bearing-hub-assembly-for-honda-civic-mk8-2005-2013-klt-hd-053ab,rear-wheel-bearing-hub-assembly-for-honda-civic-mk8-2005-2013-klt-hd-053ab,rear-wheel-bearing-hub-assembly-for-honda-civic-mk8-2005-2013-klt-hd-053ab,rear-wheel-bearing-hub-assembly-for-honda-civic-mk8-2005-2013-klt-hd-053ab"
HONDA,CIVIC,2008,Mild Hybrid Saloon,"rear-wheel-bearing-hub-assembly-for-honda-civic-mk8-2005-2013-klt-hd-053ab"
HONDA,CIVIC,2008,Petrol Saloon,"rear-wheel-bearing-hub-assembly-for-honda-civic-mk8-2005-2013-klt-hd-053ab,rear-wheel-bearing-hub-assembly-for-honda-civic-mk8-2005-2013-klt-hd-053ab,rear-wheel-bearing-hub-assembly-for-honda-civic-mk8-2005-2013-klt-hd-053ab,rear-wheel-bearing-hub-assembly-for-honda-civic-mk8-2005-2013-klt-hd-053ab"
HONDA,CIVIC,2007,Mild Hybrid Saloon,"rear-wheel-bearing-hub-assembly-for-honda-civic-mk8-2005-2013-klt-hd-053ab"
HONDA,CIVIC,2007,Petrol Saloon,"rear-wheel-bearing-hub-assembly-for-honda-civic-mk8-2005-2013-klt-hd-053ab,rear-wheel-bearing-hub-assembly-for-honda-civic-mk8-2005-2013-klt-hd-053ab,rear-wheel-bearing-hub-assembly-for-honda-civic-mk8-2005-2013-klt-hd-053ab,rear-wheel-bearing-hub-assembly-for-honda-civic-mk8-2005-2013-klt-hd-053ab"
HONDA,CIVIC,2006,Mild Hybrid Saloon,"rear-wheel-bearing-hub-assembly-for-honda-civic-mk8-2005-2013-klt-hd-053ab"
HONDA,CIVIC,2006,Petrol Saloon,"rear-wheel-bearing-hub-assembly-for-honda-civic-mk8-2005-2013-klt-hd-053ab,rear-wheel-bearing-hub-assembly-for-honda-civic-mk8-2005-2013-klt-hd-053ab,rear-wheel-bearing-hub-assembly-for-honda-civic-mk8-2005-2013-klt-hd-053ab,rear-wheel-bearing-hub-assembly-for-honda-civic-mk8-2005-2013-klt-hd-053ab"
HONDA,CIVIC,2005,Petrol Saloon,"rear-wheel-bearing-hub-assembly-for-honda-civic-mk8-2005-2013-klt-hd-053ab,rear-wheel-bearing-hub-assembly-for-honda-civic-mk8-2005-2013-klt-hd-053ab,rear-wheel-bearing-hub-assembly-for-honda-civic-mk8-2005-2013-klt-hd-053ab"
TOYOTA,YARIS,2023,Diesel Panel Van,"rear-wheel-bearing-hub-assembly-for-toyota-yaris-2014-klt-ty-182a"
TOYOTA,YARIS,2023,Full Hybrid Panel Van,"rear-wheel-bearing-hub-assembly-for-toyota-yaris-2014-klt-ty-182a"
TOYOTA,YARIS,2022,Diesel Panel Van,"rear-wheel-bearing-hub-assembly-for-toyota-yaris-2014-klt-ty-182a"
TOYOTA,YARIS,2022,Full Hybrid Panel Van,"rear-wheel-bearing-hub-assembly-for-toyota-yaris-2014-klt-ty-182a"
TOYOTA,YARIS,2021,Diesel Panel Van,"rear-wheel-bearing-hub-assembly-for-toyota-yaris-2014-klt-ty-182a"
TOYOTA,YARIS,2021,Full Hybrid Panel Van,"rear-wheel-bearing-hub-assembly-for-toyota-yaris-2014-klt-ty-182a"
TOYOTA,YARIS,2020,Diesel Panel Van,"rear-wheel-bearing-hub-assembly-for-toyota-yaris-2014-klt-ty-182a"
TOYOTA,YARIS,2020,Full Hybrid Panel Van,"rear-wheel-bearing-hub-assembly-for-toyota-yaris-2014-klt-ty-182a"
TOYOTA,YARIS,2019,Diesel Panel Van,"rear-wheel-bearing-hub-assembly-for-toyota-yaris-2014-klt-ty-182a"
TOYOTA,YARIS,2019,Full Hybrid Panel Van,"rear-wheel-bearing-hub-assembly-for-toyota-yaris-2014-klt-ty-182a"
TOYOTA,YARIS,2018,Diesel Panel Van,"rear-wheel-bearing-hub-assembly-for-toyota-yaris-2014-klt-ty-182a,rear-wheel-bearing-hub-kit-for-toyota-yaris-2005-2020-with-abs-sensor-4245052060"
TOYOTA,YARIS,2018,Full Hybrid Panel Van,"rear-wheel-bearing-hub-assembly-for-toyota-yaris-2014-klt-ty-182a"
TOYOTA,YARIS,2017,Diesel Panel Van,"rear-wheel-bearing-hub-assembly-for-toyota-yaris-2014-klt-ty-182a,rear-wheel-bearing-hub-kit-for-toyota-yaris-2005-2020-with-abs-sensor-4245052060"
TOYOTA,YARIS,2017,Full Hybrid Panel Van,"rear-wheel-bearing-hub-assembly-for-toyota-yaris-2014-klt-ty-182a"
TOYOTA,YARIS,2016,Diesel Panel Van,"rear-wheel-bearing-hub-assembly-for-toyota-yaris-2014-klt-ty-182a,rear-wheel-bearing-hub-kit-for-toyota-yaris-2005-2020-with-abs-sensor-4245052060"
TOYOTA,YARIS,2016,Full Hybrid Panel Van,"rear-wheel-bearing-hub-assembly-for-toyota-yaris-2014-klt-ty-182a"
TOYOTA,YARIS,2015,Diesel Panel Van,"rear-wheel-bearing-hub-assembly-for-toyota-yaris-2014-klt-ty-182a,rear-wheel-bearing-hub-kit-for-toyota-yaris-2005-2020-with-abs-sensor-4245052060"
TOYOTA,YARIS,2015,Full Hybrid Panel Van,"rear-wheel-bearing-hub-assembly-for-toyota-yaris-2014-klt-ty-182a"
TOYOTA,YARIS,2014,Diesel Panel Van,"rear-wheel-bearing-hub-assembly-for-toyota-yaris-2014-klt-ty-182a,rear-wheel-bearing-hub-kit-for-toyota-yaris-2005-2020-with-abs-sensor-4245052060"
FORD,FOCUS,2018,SE Hatchback 4-Door,"rear-wheel-bearing-hub-assembly-for-2012-2018-ford-focus-w-o-acitve-park-assit,rear-wheel-bearing-hub-assembly-for-2012-2018-ford-focus-w-o-acitve-park-assit"
FORD,FOCUS,2018,SEL Hatchback 4-Door,"rear-wheel-bearing-hub-assembly-for-2012-2018-ford-focus-w-o-acitve-park-assit"
FORD,FOCUS,2018,SEL Sedan 4-Door,"rear-wheel-bearing-hub-assembly-for-2012-2018-ford-focus-w-o-acitve-park-assit"
FORD,FOCUS,2018,SE Sedan 4-Door,"rear-wheel-bearing-hub-assembly-for-2012-2018-ford-focus-w-o-acitve-park-assit,rear-wheel-bearing-hub-assembly-for-2012-2018-ford-focus-w-o-acitve-park-assit"
FORD,FOCUS,2018,S Sedan 4-Door,"rear-wheel-bearing-hub-assembly-for-2012-2018-ford-focus-w-o-acitve-park-assit"
FORD,FOCUS,2018,ST Hatchback 4-Door,"rear-wheel-bearing-hub-assembly-for-2012-2018-ford-focus-w-o-acitve-park-assit"
FORD,FOCUS,2018,Titanium Hatchback 4-Door,"rear-wheel-bearing-hub-assembly-for-2012-2018-ford-focus-w-o-acitve-park-assit"
FORD,FOCUS,2018,Titanium Sedan 4-Door,"rear-wheel-bearing-hub-assembly-for-2012-2018-ford-focus-w-o-acitve-park-assit"
FORD,FOCUS,2017,RS Hatchback 4-Door,"rear-wheel-bearing-hub-assembly-for-2012-2018-ford-focus-w-o-acitve-park-assit"
FORD,FOCUS,2017,SE Hatchback 4-Door,"rear-wheel-bearing-hub-assembly-for-2012-2018-ford-focus-w-o-acitve-park-assit,rear-wheel-bearing-hub-assembly-for-2012-2018-ford-focus-w-o-acitve-park-assit,rear-wheel-bearing-hub-assembly-for-2012-2018-ford-focus-w-o-acitve-park-assit"
FORD,FOCUS,2017,SEL Hatchback 4-Door,"rear-wheel-bearing-hub-assembly-for-2012-2018-ford-focus-w-o-acitve-park-assit,rear-wheel-bearing-hub-assembly-for-2012-2018-ford-focus-w-o-acitve-park-assit"
FORD,FOCUS,2017,SEL Sedan 4-Door,"rear-wheel-bearing-hub-assembly-for-2012-2018-ford-focus-w-o-acitve-park-assit,rear-wheel-bearing-hub-assembly-for-2012-2018-ford-focus-w-o-acitve-park-assit"
FORD,FOCUS,2017,SE Sedan 4-Door,"rear-wheel-bearing-hub-assembly-for-2012-2018-ford-focus-w-o-acitve-park-assit,rear-wheel-bearing-hub-assembly-for-2012-2018-ford-focus-w-o-acitve-park-assit,rear-wheel-bearing-hub-assembly-for-2012-2018-ford-focus-w-o-acitve-park-assit"
FORD,FOCUS,2017,S Sedan 4-Door,"rear-wheel-bearing-hub-assembly-for-2012-2018-ford-focus-w-o-acitve-park-assit,rear-wheel-bearing-hub-assembly-for-2012-2018-ford-focus-w-o-acitve-park-assit"
FORD,FOCUS,2017,ST Hatchback 4-Door,"rear-wheel-bearing-hub-assembly-for-2012-2018-ford-focus-w-o-acitve-park-assit"
FORD,FOCUS,2017,Titanium Hatchback 4-Door,"rear-wheel-bearing-hub-assembly-for-2012-2018-ford-focus-w-o-acitve-park-assit,rear-wheel-bearing-hub-assembly-for-2012-2018-ford-focus-w-o-acitve-park-assit"
FORD,FOCUS,2017,Titanium Sedan 4-Door,"rear-wheel-bearing-hub-assembly-for-2012-2018-ford-focus-w-o-acitve-park-assit,rear-wheel-bearing-hub-assembly-for-2012-2018-ford-focus-w-o-acitve-park-assit"
FORD,FOCUS,2016,RS Hatchback 4-Door,"rear-wheel-bearing-hub-assembly-for-2012-2018-ford-focus-w-o-acitve-park-assit"
FORD,FOCUS,2016,SE Hatchback 4-Door,"rear-wheel-bearing-hub-assembly-for-2012-2018-ford-focus-w-o-acitve-park-assit,rear-wheel-bearing-hub-assembly-for-2012-2018-ford-focus-w-o-acitve-park-assit,rear-wheel-bearing-hub-assembly-for-2012-2018-ford-focus-w-o-acitve-park-assit"
FORD,FOCUS,2016,SE Luxury Hatchback 4-Door,"rear-wheel-bearing-hub-assembly-for-2012-2018-ford-focus-w-o-acitve-park-assit"
FORD,FOCUS,2016,SE Luxury Sedan 4-Door,"rear-wheel-bearing-hub-assembly-for-2012-2018-ford-focus-w-o-acitve-park-assit"
FORD,FOCUS,2016,SE Sedan 4-Door,"rear-wheel-bearing-hub-assembly-for-2012-2018-ford-focus-w-o-acitve-park-assit,rear-wheel-bearing-hub-assembly-for-2012-2018-ford-focus-w-o-acitve-park-assit,rear-wheel-bearing-hub-assembly-for-2012-2018-ford-focus-w-o-acitve-park-assit"
FORD,FOCUS,2016,S Sedan 4-Door,"rear-wheel-bearing-hub-assembly-for-2012-2018-ford-focus-w-o-acitve-park-assit,rear-wheel-bearing-hub-assembly-for-2012-2018-ford-focus-w-o-acitve-park-assit"
FORD,FOCUS,2016,ST Hatchback 4-Door,"rear-wheel-bearing-hub-assembly-for-2012-2018-ford-focus-w-o-acitve-park-assit"
FORD,FOCUS,2016,Titanium Hatchback 4-Door,"rear-wheel-bearing-hub-assembly-for-2012-2018-ford-focus-w-o-acitve-park-assit,rear-wheel-bearing-hub-assembly-for-2012-2018-ford-focus-w-o-acitve-park-assit"
FORD,FOCUS,2016,Titanium Sedan 4-Door,"rear-wheel-bearing-hub-assembly-for-2012-2018-ford-focus-w-o-acitve-park-assit,rear-wheel-bearing-hub-assembly-for-2012-2018-ford-focus-w-o-acitve-park-assit"
FORD,FOCUS,2015,SE Appearance Hatchback 4-Door,"rear-wheel-bearing-hub-assembly-for-2012-2018-ford-focus-w-o-acitve-park-assit"
FORD,FOCUS,2015,SE Appearance Sedan 4-Door,"rear-wheel-bearing-hub-assembly-for-2012-2018-ford-focus-w-o-acitve-park-assit"
FORD,FOCUS,2015,SE Hatchback 4-Door,"rear-wheel-bearing-hub-assembly-for-2012-2018-ford-focus-w-o-acitve-park-assit,rear-wheel-bearing-hub-assembly-for-2012-2018-ford-focus-w-o-acitve-park-assit,rear-wheel-bearing-hub-assembly-for-2012-2018-ford-focus-w-o-acitve-park-assit"
FORD,FOCUS,2015,SE Sedan 4-Door,"rear-wheel-bearing-hub-assembly-for-2012-2018-ford-focus-w-o-acitve-park-assit,rear-wheel-bearing-hub-assembly-for-2012-2018-ford-focus-w-o-acitve-park-assit,rear-wheel-bearing-hub-assembly-for-2012-2018-ford-focus-w-o-acitve-park-assit"
FORD,FOCUS,2015,S Sedan 4-Door,"rear-wheel-bearing-hub-assembly-for-2012-2018-ford-focus-w-o-acitve-park-assit,rear-wheel-bearing-hub-assembly-for-2012-2018-ford-focus-w-o-acitve-park-assit"
FORD,FOCUS,2015,ST Hatchback 4-Door,"rear-wheel-bearing-hub-assembly-for-2012-2018-ford-focus-w-o-acitve-park-assit"
FORD,FOCUS,2015,Titanium Hatchback 4-Door,"rear-wheel-bearing-hub-assembly-for-2012-2018-ford-focus-w-o-acitve-park-assit,rear-wheel-bearing-hub-assembly-for-2012-2018-ford-focus-w-o-acitve-park-assit"
FORD,FOCUS,2015,Titanium Plus Sedan 4-Door,"rear-wheel-bearing-hub-assembly-for-2012-2018-ford-focus-w-o-acitve-park-assit"
FORD,FOCUS,2015,Titanium Sedan 4-Door,"rear-wheel-bearing-hub-assembly-for-2012-2018-ford-focus-w-o-acitve-park-assit,rear-wheel-bearing-hub-assembly-for-2012-2018-ford-focus-w-o-acitve-park-assit"
FORD,FOCUS,2014,Ambiente Sedan 4-Door,"rear-wheel-bearing-hub-assembly-for-2012-2018-ford-focus-w-o-acitve-park-assit"
FORD,FOCUS,2014,SE Hatchback 4-Door,"rear-wheel-bearing-hub-assembly-for-2012-2018-ford-focus-w-o-acitve-park-assit,rear-wheel-bearing-hub-assembly-for-2012-2018-ford-focus-w-o-acitve-park-assit"
FORD,FOCUS,2014,SE Plus Hatchback 4-Door,"rear-wheel-bearing-hub-assembly-for-2012-2018-ford-focus-w-o-acitve-park-assit"
FORD,FOCUS,2014,SE Plus Sedan 4-Door,"rear-wheel-bearing-hub-assembly-for-2012-2018-ford-focus-w-o-acitve-park-assit"
FORD,FOCUS,2014,SE Sedan 4-Door,"rear-wheel-bearing-hub-assembly-for-2012-2018-ford-focus-w-o-acitve-park-assit,rear-wheel-bearing-hub-assembly-for-2012-2018-ford-focus-w-o-acitve-park-assit"
FORD,FOCUS,2014,S Sedan 4-Door,"rear-wheel-bearing-hub-assembly-for-2012-2018-ford-focus-w-o-acitve-park-assit,rear-wheel-bearing-hub-assembly-for-2012-2018-ford-focus-w-o-acitve-park-assit"
FORD,FOCUS,2014,ST Hatchback 4-Door,"rear-wheel-bearing-hub-assembly-for-2012-2018-ford-focus-w-o-acitve-park-assit"
FORD,FOCUS,2014,Titanium Hatchback 4-Door,"rear-wheel-bearing-hub-assembly-for-2012-2018-ford-focus-w-o-acitve-park-assit,rear-wheel-bearing-hub-assembly-for-2012-2018-ford-focus-w-o-acitve-park-assit"
FORD,FOCUS,2014,Titanium Plus Sedan 4-Door,"rear-wheel-bearing-hub-assembly-for-2012-2018-ford-focus-w-o-acitve-park-assit"
FORD,FOCUS,2014,Titanium Sedan 4-Door,"rear-wheel-bearing-hub-assembly-for-2012-2018-ford-focus-w-o-acitve-park-assit,rear-wheel-bearing-hub-assembly-for-2012-2018-ford-focus-w-o-acitve-park-assit"
FORD,FOCUS,2014,Trend Hatchback 4-Door,"rear-wheel-bearing-hub-assembly-for-2012-2018-ford-focus-w-o-acitve-park-assit"
FORD,FOCUS,2014,Trend Sedan 4-Door,"rear-wheel-bearing-hub-assembly-for-2012-2018-ford-focus-w-o-acitve-park-assit"
FORD,FOCUS,2014,Trend Sport Hatchback 4-Door,"rear-wheel-bearing-hub-assembly-for-2012-2018-ford-focus-w-o-acitve-park-assit"
FORD,FOCUS,2014,Trend Sport Sedan 4-Door,"rear-wheel-bearing-hub-assembly-for-2012-2018-ford-focus-w-o-acitve-park-assit"
FORD,FOCUS,2013,SE Hatchback 4-Door,"rear-wheel-bearing-hub-assembly-for-2012-2018-ford-focus-w-o-acitve-park-assit,rear-wheel-bearing-hub-assembly-for-2012-2018-ford-focus-w-o-acitve-park-assit"
FORD,FOCUS,2013,SE Plus Hatchback 4-Door,"rear-wheel-bearing-hub-assembly-for-2012-2018-ford-focus-w-o-acitve-park-assit"
FORD,FOCUS,2013,SE Plus Sedan 4-Door,"rear-wheel-bearing-hub-assembly-for-2012-2018-ford-focus-w-o-acitve-park-assit"
FORD,FOCUS,2013,SE Sedan 4-Door,"rear-wheel-bearing-hub-assembly-for-2012-2018-ford-focus-w-o-acitve-park-assit,rear-wheel-bearing-hub-assembly-for-2012-2018-ford-focus-w-o-acitve-park-assit"
FORD,FOCUS,2013,S Sedan 4-Door,"rear-wheel-bearing-hub-assembly-for-2012-2018-ford-focus-w-o-acitve-park-assit,rear-wheel-bearing-hub-assembly-for-2012-2018-ford-focus-w-o-acitve-park-assit"
FORD,FOCUS,2013,ST Hatchback 4-Door,"rear-wheel-bearing-hub-assembly-for-2012-2018-ford-focus-w-o-acitve-park-assit"
FORD,FOCUS,2013,Titanium Hatchback 4-Door,"rear-wheel-bearing-hub-assembly-for-2012-2018-ford-focus-w-o-acitve-park-assit,rear-wheel-bearing-hub-assembly-for-2012-2018-ford-focus-w-o-acitve-park-assit"
FORD,FOCUS,2013,Titanium Plus Sedan 4-Door,"rear-wheel-bearing-hub-assembly-for-2012-2018-ford-focus-w-o-acitve-park-assit"
FORD,FOCUS,2013,Titanium Sedan 4-Door,"rear-wheel-bearing-hub-assembly-for-2012-2018-ford-focus-w-o-acitve-park-assit,rear-wheel-bearing-hub-assembly-for-2012-2018-ford-focus-w-o-acitve-park-assit"
FORD,FOCUS,2012,SE Hatchback 4-Door,"rear-wheel-bearing-hub-assembly-for-2012-2018-ford-focus-w-o-acitve-park-assit,rear-wheel-bearing-hub-assembly-for-2012-2018-ford-focus-w-o-acitve-park-assit"
FORD,FOCUS,2012,SEL Hatchback 4-Door,"rear-wheel-bearing-hub-assembly-for-2012-2018-ford-focus-w-o-acitve-park-assit,rear-wheel-bearing-hub-assembly-for-2012-2018-ford-focus-w-o-acitve-park-assit"
FORD,FOCUS,2012,SEL Sedan 4-Door,"rear-wheel-bearing-hub-assembly-for-2012-2018-ford-focus-w-o-acitve-park-assit,rear-wheel-bearing-hub-assembly-for-2012-2018-ford-focus-w-o-acitve-park-assit"
FORD,FOCUS,2012,SE Sedan 4-Door,"rear-wheel-bearing-hub-assembly-for-2012-2018-ford-focus-w-o-acitve-park-assit,rear-wheel-bearing-hub-assembly-for-2012-2018-ford-focus-w-o-acitve-park-assit"
FORD,FOCUS,2012,S Sedan 4-Door,"rear-wheel-bearing-hub-assembly-for-2012-2018-ford-focus-w-o-acitve-park-assit,rear-wheel-bearing-hub-assembly-for-2012-2018-ford-focus-w-o-acitve-park-assit"
FORD,FOCUS,2012,Titanium Hatchback 4-Door,"rear-wheel-bearing-hub-assembly-for-2012-2018-ford-focus-w-o-acitve-park-assit"
FORD,FOCUS,2012,Titanium Sedan 4-Door,"rear-wheel-bearing-hub-assembly-for-2012-2018-ford-focus-w-o-acitve-park-assit"
LEXUS,ES300H,2020,Base Sedan 4-Door,"rear-wheel-hub-febest-0182-asv70r-oem-42450-33080,rear-wheel-bearing-and-hub-for-2013-2014-2015-2016-2017-2018-lexus-es300h-es350,front-lh-or-rh-wheel-hub-bearing-assembly-for-lexus-es350-rx350-toyota-avalon"
LEXUS,ES300H,2020,Luxury Sedan 4-Door,"rear-wheel-hub-febest-0182-asv70r-oem-42450-33080,rear-wheel-bearing-and-hub-for-2013-2014-2015-2016-2017-2018-lexus-es300h-es350,rear-wheel-bearing-and-hub-for-2013-2014-2015-2016-2017-2018-lexus-es300h-es350,front-lh-or-rh-wheel-hub-bearing-assembly-for-lexus-es350-rx350-toyota-avalon"
LEXUS,ES300H,2020,Premium Sedan 4-Door,"rear-wheel-hub-febest-0182-asv70r-oem-42450-33080,rear-wheel-bearing-and-hub-for-2013-2014-2015-2016-2017-2018-lexus-es300h-es350"
LEXUS,ES300H,2020,Ultra Luxury Sedan 4-Door,"rear-wheel-hub-febest-0182-asv70r-oem-42450-33080,rear-wheel-bearing-and-hub-for-2013-2014-2015-2016-2017-2018-lexus-es300h-es350,front-lh-or-rh-wheel-hub-bearing-assembly-for-lexus-es350-rx350-toyota-avalon"
LEXUS,ES350,2020,Base Sedan 4-Door,"rear-wheel-hub-febest-0182-asv70r-oem-42450-33080,front-lh-or-rh-wheel-hub-bearing-assembly-for-lexus-es350-rx350-toyota-avalon"
LEXUS,ES350,2020,F Sport Sedan 4-Door,"rear-wheel-hub-febest-0182-asv70r-oem-42450-33080,front-lh-or-rh-wheel-hub-bearing-assembly-for-lexus-es350-rx350-toyota-avalon"
LEXUS,ES350,2020,Luxury Sedan 4-Door,"rear-wheel-hub-febest-0182-asv70r-oem-42450-33080,front-lh-or-rh-wheel-hub-bearing-assembly-for-lexus-es350-rx350-toyota-avalon"
LEXUS,ES350,2020,Premium Sedan 4-Door,"rear-wheel-hub-febest-0182-asv70r-oem-42450-33080"
LEXUS,ES350,2020,Ultra Luxury Sedan 4-Door,"rear-wheel-hub-febest-0182-asv70r-oem-42450-33080,front-lh-or-rh-wheel-hub-bearing-assembly-for-lexus-es350-rx350-toyota-avalon"
TOYOTA,CAMRY,2020,Hybrid LE Sedan 4-Door,"rear-wheel-hub-febest-0182-asv70r-oem-42450-33080,front-wheel-and-hub-bearing-for-toyota-avalon-rav4-camry-lexus-es250-2019-2024,front-lh-or-rh-wheel-hub-bearing-assembly-for-lexus-es350-rx350-toyota-avalon"
TOYOTA,CAMRY,2020,Hybrid SE Sedan 4-Door,"rear-wheel-hub-febest-0182-asv70r-oem-42450-33080,front-wheel-and-hub-bearing-for-toyota-avalon-rav4-camry-lexus-es250-2019-2024,front-lh-or-rh-wheel-hub-bearing-assembly-for-lexus-es350-rx350-toyota-avalon"
TOYOTA,CAMRY,2020,Hybrid XLE Sedan 4-Door,"rear-wheel-hub-febest-0182-asv70r-oem-42450-33080,front-wheel-and-hub-bearing-for-toyota-avalon-rav4-camry-lexus-es250-2019-2024,front-lh-or-rh-wheel-hub-bearing-assembly-for-lexus-es350-rx350-toyota-avalon"
TOYOTA,CAMRY,2020,LE Sedan 4-Door,"rear-wheel-hub-febest-0182-asv70r-oem-42450-33080,front-wheel-and-hub-bearing-for-toyota-avalon-rav4-camry-lexus-es250-2019-2024,front-wheel-bearing-and-hubs-assembly-fits-for-lexus-es250-toyota-avalon-camry"
TOYOTA,CAMRY,2020,L Sedan 4-Door,"rear-wheel-hub-febest-0182-asv70r-oem-42450-33080,front-wheel-and-hub-bearing-for-toyota-avalon-rav4-camry-lexus-es250-2019-2024,front-wheel-bearing-and-hubs-assembly-fits-for-lexus-es250-toyota-avalon-camry"
TOYOTA,CAMRY,2020,SE Nightshade Sedan 4-Door,"rear-wheel-hub-febest-0182-asv70r-oem-42450-33080,front-wheel-and-hub-bearing-for-toyota-avalon-rav4-camry-lexus-es250-2019-2024,front-wheel-bearing-and-hubs-assembly-fits-for-lexus-es250-toyota-avalon-camry"
TOYOTA,CAMRY,2020,SE Sedan 4-Door,"rear-wheel-hub-febest-0182-asv70r-oem-42450-33080,front-wheel-and-hub-bearing-for-toyota-avalon-rav4-camry-lexus-es250-2019-2024,front-wheel-bearing-and-hubs-assembly-fits-for-lexus-es250-toyota-avalon-camry"
TOYOTA,CAMRY,2020,TRD Sedan 4-Door,"rear-wheel-hub-febest-0182-asv70r-oem-42450-33080,front-wheel-and-hub-bearing-for-toyota-avalon-rav4-camry-lexus-es250-2019-2024,front-lh-or-rh-wheel-hub-bearing-assembly-for-lexus-es350-rx350-toyota-avalon"
TOYOTA,CAMRY,2020,XLE Navi Sedan 4-Door,"rear-wheel-hub-febest-0182-asv70r-oem-42450-33080,front-wheel-and-hub-bearing-for-toyota-avalon-rav4-camry-lexus-es250-2019-2024,front-wheel-bearing-and-hubs-assembly-fits-for-lexus-es250-toyota-avalon-camry"
TOYOTA,CAMRY,2020,XLE Sedan 4-Door,"rear-wheel-hub-febest-0182-asv70r-oem-42450-33080,rear-wheel-hub-febest-0182-asv70r-oem-42450-33080,front-wheel-and-hub-bearing-for-toyota-avalon-rav4-camry-lexus-es250-2019-2024,front-wheel-and-hub-bearing-for-toyota-avalon-rav4-camry-lexus-es250-2019-2024,front-lh-or-rh-wheel-hub-bearing-assembly-for-lexus-es350-rx350-toyota-avalon,front-wheel-bearing-and-hubs-assembly-fits-for-lexus-es250-toyota-avalon-camry"
TOYOTA,CAMRY,2020,XSE Sedan 4-Door,"rear-wheel-hub-febest-0182-asv70r-oem-42450-33080,rear-wheel-hub-febest-0182-asv70r-oem-42450-33080,front-wheel-and-hub-bearing-for-toyota-avalon-rav4-camry-lexus-es250-2019-2024,front-wheel-and-hub-bearing-for-toyota-avalon-rav4-camry-lexus-es250-2019-2024,front-lh-or-rh-wheel-hub-bearing-assembly-for-lexus-es350-rx350-toyota-avalon,front-wheel-bearing-and-hubs-assembly-fits-for-lexus-es250-toyota-avalon-camry"
TOYOTA,RAV4,2020,Adventure Sport Utility 4-Door,"rear-wheel-hub-febest-0182-asv70r-oem-42450-33080,front-wheel-and-hub-bearing-for-toyota-avalon-rav4-camry-lexus-es250-2019-2024"
TOYOTA,RAV4,2020,Hybrid LE Sport Utility 4-Door,"rear-wheel-hub-febest-0182-asv70r-oem-42450-33080,front-wheel-and-hub-bearing-for-toyota-avalon-rav4-camry-lexus-es250-2019-2024"
TOYOTA,RAV4,2020,Hybrid Limited Sport Utility 4-Door,"rear-wheel-hub-febest-0182-asv70r-oem-42450-33080,front-wheel-and-hub-bearing-for-toyota-avalon-rav4-camry-lexus-es250-2019-2024"
TOYOTA,RAV4,2020,Hybrid XLE Sport Utility 4-Door,"rear-wheel-hub-febest-0182-asv70r-oem-42450-33080,front-wheel-and-hub-bearing-for-toyota-avalon-rav4-camry-lexus-es250-2019-2024"
TOYOTA,RAV4,2020,Hybrid XSE Sport Utility 4-Door,"rear-wheel-hub-febest-0182-asv70r-oem-42450-33080,front-wheel-and-hub-bearing-for-toyota-avalon-rav4-camry-lexus-es250-2019-2024"
TOYOTA,RAV4,2020,LE Sport Utility 4-Door,"rear-wheel-hub-febest-0182-asv70r-oem-42450-33080,front-wheel-and-hub-bearing-for-toyota-avalon-rav4-camry-lexus-es250-2019-2024"
TOYOTA,RAV4,2020,Limited Sport Utility 4-Door,"rear-wheel-hub-febest-0182-asv70r-oem-42450-33080,front-wheel-and-hub-bearing-for-toyota-avalon-rav4-camry-lexus-es250-2019-2024"
TOYOTA,RAV4,2020,TRD Off-Road Sport Utility 4-Door,"rear-wheel-hub-febest-0182-asv70r-oem-42450-33080,front-wheel-and-hub-bearing-for-toyota-avalon-rav4-camry-lexus-es250-2019-2024"
TOYOTA,RAV4,2020,Trail Sport Utility 4-Door,"rear-wheel-hub-febest-0182-asv70r-oem-42450-33080,front-wheel-and-hub-bearing-for-toyota-avalon-rav4-camry-lexus-es250-2019-2024"
TOYOTA,RAV4,2020,XLE Premium Sport Utility 4-Door,"rear-wheel-hub-febest-0182-asv70r-oem-42450-33080,front-wheel-and-hub-bearing-for-toyota-avalon-rav4-camry-lexus-es250-2019-2024"
TOYOTA,RAV4,2020,XLE Sport Utility 4-Door,"rear-wheel-hub-febest-0182-asv70r-oem-42450-33080,front-wheel-and-hub-bearing-for-toyota-avalon-rav4-camry-lexus-es250-2019-2024"
LEXUS,ES300H,2019,Base Sedan 4-Door,"rear-wheel-hub-febest-0182-asv70r-oem-42450-33080,rear-wheel-bearing-and-hub-for-2013-2014-2015-2016-2017-2018-lexus-es300h-es350,front-lh-or-rh-wheel-hub-bearing-assembly-for-lexus-es350-rx350-toyota-avalon"
LEXUS,ES300H,2019,Luxury Sedan 4-Door,"rear-wheel-hub-febest-0182-asv70r-oem-42450-33080,rear-wheel-bearing-and-hub-for-2013-2014-2015-2016-2017-2018-lexus-es300h-es350,front-lh-or-rh-wheel-hub-bearing-assembly-for-lexus-es350-rx350-toyota-avalon"
LEXUS,ES300H,2019,Ultra Luxury Sedan 4-Door,"rear-wheel-hub-febest-0182-asv70r-oem-42450-33080,rear-wheel-bearing-and-hub-for-2013-2014-2015-2016-2017-2018-lexus-es300h-es350,front-lh-or-rh-wheel-hub-bearing-assembly-for-lexus-es350-rx350-toyota-avalon"
LEXUS,ES350,2019,Base Sedan 4-Door,"rear-wheel-hub-febest-0182-asv70r-oem-42450-33080,front-lh-or-rh-wheel-hub-bearing-assembly-for-lexus-es350-rx350-toyota-avalon"
LEXUS,ES350,2019,F Sport Sedan 4-Door,"rear-wheel-hub-febest-0182-asv70r-oem-42450-33080,front-lh-or-rh-wheel-hub-bearing-assembly-for-lexus-es350-rx350-toyota-avalon"
LEXUS,ES350,2019,Luxury Sedan 4-Door,"rear-wheel-hub-febest-0182-asv70r-oem-42450-33080,front-lh-or-rh-wheel-hub-bearing-assembly-for-lexus-es350-rx350-toyota-avalon"
LEXUS,ES350,2019,Premium Sedan 4-Door,"rear-wheel-hub-febest-0182-asv70r-oem-42450-33080,front-lh-or-rh-wheel-hub-bearing-assembly-for-lexus-es350-rx350-toyota-avalon"
LEXUS,ES350,2019,Signature Sedan 4-Door,"rear-wheel-hub-febest-0182-asv70r-oem-42450-33080,front-lh-or-rh-wheel-hub-bearing-assembly-for-lexus-es350-rx350-toyota-avalon"
LEXUS,ES350,2019,Ultra Luxury Sedan 4-Door,"rear-wheel-hub-febest-0182-asv70r-oem-42450-33080,front-lh-or-rh-wheel-hub-bearing-assembly-for-lexus-es350-rx350-toyota-avalon"
TOYOTA,CAMRY,2019,Hybrid LE Sedan 4-Door,"rear-wheel-hub-febest-0182-asv70r-oem-42450-33080,front-wheel-and-hub-bearing-for-toyota-avalon-rav4-camry-lexus-es250-2019-2024,front-lh-or-rh-wheel-hub-bearing-assembly-for-lexus-es350-rx350-toyota-avalon"
TOYOTA,CAMRY,2019,Hybrid SE Sedan 4-Door,"rear-wheel-hub-febest-0182-asv70r-oem-42450-33080,front-wheel-and-hub-bearing-for-toyota-avalon-rav4-camry-lexus-es250-2019-2024,front-lh-or-rh-wheel-hub-bearing-assembly-for-lexus-es350-rx350-toyota-avalon"
TOYOTA,CAMRY,2019,Hybrid XLE Sedan 4-Door,"rear-wheel-hub-febest-0182-asv70r-oem-42450-33080,front-wheel-and-hub-bearing-for-toyota-avalon-rav4-camry-lexus-es250-2019-2024,front-lh-or-rh-wheel-hub-bearing-assembly-for-lexus-es350-rx350-toyota-avalon"
TOYOTA,CAMRY,2019,LE Sedan 4-Door,"rear-wheel-hub-febest-0182-asv70r-oem-42450-33080,front-wheel-and-hub-bearing-for-toyota-avalon-rav4-camry-lexus-es250-2019-2024,front-wheel-bearing-and-hubs-assembly-fits-for-lexus-es250-toyota-avalon-camry"
TOYOTA,CAMRY,2019,L Sedan 4-Door,"rear-wheel-hub-febest-0182-asv70r-oem-42450-33080,front-wheel-and-hub-bearing-for-toyota-avalon-rav4-camry-lexus-es250-2019-2024,front-wheel-bearing-and-hubs-assembly-fits-for-lexus-es250-toyota-avalon-camry"
TOYOTA,CAMRY,2019,SE Sedan 4-Door,"rear-wheel-hub-febest-0182-asv70r-oem-42450-33080,front-wheel-and-hub-bearing-for-toyota-avalon-rav4-camry-lexus-es250-2019-2024,front-wheel-bearing-and-hubs-assembly-fits-for-lexus-es250-toyota-avalon-camry"
TOYOTA,CAMRY,2019,XLE Navi Sedan 4-Door,"rear-wheel-hub-febest-0182-asv70r-oem-42450-33080,front-wheel-and-hub-bearing-for-toyota-avalon-rav4-camry-lexus-es250-2019-2024,front-wheel-bearing-and-hubs-assembly-fits-for-lexus-es250-toyota-avalon-camry"
TOYOTA,CAMRY,2019,XLE Sedan 4-Door,"rear-wheel-hub-febest-0182-asv70r-oem-42450-33080,rear-wheel-hub-febest-0182-asv70r-oem-42450-33080,front-wheel-and-hub-bearing-for-toyota-avalon-rav4-camry-lexus-es250-2019-2024,front-wheel-and-hub-bearing-for-toyota-avalon-rav4-camry-lexus-es250-2019-2024,front-lh-or-rh-wheel-hub-bearing-assembly-for-lexus-es350-rx350-toyota-avalon,front-wheel-bearing-and-hubs-assembly-fits-for-lexus-es250-toyota-avalon-camry"
TOYOTA,CAMRY,2019,XSE Sedan 4-Door,"rear-wheel-hub-febest-0182-asv70r-oem-42450-33080,rear-wheel-hub-febest-0182-asv70r-oem-42450-33080,front-wheel-and-hub-bearing-for-toyota-avalon-rav4-camry-lexus-es250-2019-2024,front-wheel-and-hub-bearing-for-toyota-avalon-rav4-camry-lexus-es250-2019-2024,front-lh-or-rh-wheel-hub-bearing-assembly-for-lexus-es350-rx350-toyota-avalon,front-wheel-bearing-and-hubs-assembly-fits-for-lexus-es250-toyota-avalon-camry"
TOYOTA,RAV4,2019,Adventure Sport Utility 4-Door,"rear-wheel-hub-febest-0182-asv70r-oem-42450-33080,rear-wheel-hub-febest-0182-asv70r-oem-42450-33080,front-wheel-and-hub-bearing-for-toyota-avalon-rav4-camry-lexus-es250-2019-2024,front-wheel-and-hub-bearing-for-toyota-avalon-rav4-camry-lexus-es250-2019-2024"
TOYOTA,RAV4,2019,Hybrid LE Sport Utility 4-Door,"rear-wheel-hub-febest-0182-asv70r-oem-42450-33080,front-wheel-and-hub-bearing-for-toyota-avalon-rav4-camry-lexus-es250-2019-2024"
TOYOTA,RAV4,2019,Hybrid Limited Sport Utility 4-Door,"rear-wheel-hub-febest-0182-asv70r-oem-42450-33080,rear-wheel-hub-febest-0182-asv70r-oem-42450-33080,front-wheel-and-hub-bearing-for-toyota-avalon-rav4-camry-lexus-es250-2019-2024,front-wheel-and-hub-bearing-for-toyota-avalon-rav4-camry-lexus-es250-2019-2024"
TOYOTA,RAV4,2019,Hybrid XLE Sport Utility 4-Door,"rear-wheel-hub-febest-0182-asv70r-oem-42450-33080,front-wheel-and-hub-bearing-for-toyota-avalon-rav4-camry-lexus-es250-2019-2024"
TOYOTA,RAV4,2019,Hybrid XSE Sport Utility 4-Door,"rear-wheel-hub-febest-0182-asv70r-oem-42450-33080,front-wheel-and-hub-bearing-for-toyota-avalon-rav4-camry-lexus-es250-2019-2024"
TOYOTA,RAV4,2019,LE Sport Utility 4-Door,"rear-wheel-hub-febest-0182-asv70r-oem-42450-33080,rear-wheel-hub-febest-0182-asv70r-oem-42450-33080,front-wheel-and-hub-bearing-for-toyota-avalon-rav4-camry-lexus-es250-2019-2024,front-wheel-and-hub-bearing-for-toyota-avalon-rav4-camry-lexus-es250-2019-2024"
TOYOTA,RAV4,2019,Limited Sport Utility 4-Door,"rear-wheel-hub-febest-0182-asv70r-oem-42450-33080,rear-wheel-hub-febest-0182-asv70r-oem-42450-33080,front-wheel-and-hub-bearing-for-toyota-avalon-rav4-camry-lexus-es250-2019-2024,front-wheel-and-hub-bearing-for-toyota-avalon-rav4-camry-lexus-es250-2019-2024"
TOYOTA,RAV4,2019,Trail Sport Utility 4-Door,"rear-wheel-hub-febest-0182-asv70r-oem-42450-33080,front-wheel-and-hub-bearing-for-toyota-avalon-rav4-camry-lexus-es250-2019-2024"
TOYOTA,RAV4,2019,XLE Premium Sport Utility 4-Door,"rear-wheel-hub-febest-0182-asv70r-oem-42450-33080,front-wheel-and-hub-bearing-for-toyota-avalon-rav4-camry-lexus-es250-2019-2024"
TOYOTA,RAV4,2019,XLE Sport Utility 4-Door,"rear-wheel-hub-febest-0182-asv70r-oem-42450-33080,rear-wheel-hub-febest-0182-asv70r-oem-42450-33080,front-wheel-and-hub-bearing-for-toyota-avalon-rav4-camry-lexus-es250-2019-2024,front-wheel-and-hub-bearing-for-toyota-avalon-rav4-camry-lexus-es250-2019-2024"
HYUNDAI,ELANTRA,2018,Eco Sedan 4-Door,"rear-wheel-hub-bearing-assembly-fits-for-2017-2018-hyundai-elantra-52730-f2000,front-wheel-bearing-hub-assembly-for-2017-2018-2019-2020-hyundai-elantra-513420"
HYUNDAI,ELANTRA,2018,GL SE Sedan 4-Door,"rear-wheel-hub-bearing-assembly-fits-for-2017-2018-hyundai-elantra-52730-f2000,front-wheel-bearing-hub-assembly-for-2017-2018-2019-2020-hyundai-elantra-513420"
HYUNDAI,ELANTRA,2018,GLS Premium Sedan 4-Door,"rear-wheel-hub-bearing-assembly-fits-for-2017-2018-hyundai-elantra-52730-f2000,front-wheel-bearing-hub-assembly-for-2017-2018-2019-2020-hyundai-elantra-513420"
HYUNDAI,ELANTRA,2018,GLS Sedan 4-Door,"rear-wheel-hub-bearing-assembly-fits-for-2017-2018-hyundai-elantra-52730-f2000,front-wheel-bearing-hub-assembly-for-2017-2018-2019-2020-hyundai-elantra-513420,front-wheel-bearing-hub-assembly-for-2017-2018-2019-2020-hyundai-elantra-513420"
HYUNDAI,ELANTRA,2018,GL Sedan 4-Door,"rear-wheel-hub-bearing-assembly-fits-for-2017-2018-hyundai-elantra-52730-f2000,front-wheel-bearing-hub-assembly-for-2017-2018-2019-2020-hyundai-elantra-513420"
HYUNDAI,ELANTRA,2018,LE Sedan 4-Door,"rear-wheel-hub-bearing-assembly-fits-for-2017-2018-hyundai-elantra-52730-f2000,front-wheel-bearing-hub-assembly-for-2017-2018-2019-2020-hyundai-elantra-513420"
HYUNDAI,ELANTRA,2018,L Sedan 4-Door,"rear-wheel-hub-bearing-assembly-fits-for-2017-2018-hyundai-elantra-52730-f2000,front-wheel-bearing-hub-assembly-for-2017-2018-2019-2020-hyundai-elantra-513420"
HYUNDAI,ELANTRA,2018,Limited Sedan 4-Door,"rear-wheel-hub-bearing-assembly-fits-for-2017-2018-hyundai-elantra-52730-f2000,front-wheel-bearing-hub-assembly-for-2017-2018-2019-2020-hyundai-elantra-513420"
HYUNDAI,ELANTRA,2018,Limited Tech Sedan 4-Door,"rear-wheel-hub-bearing-assembly-fits-for-2017-2018-hyundai-elantra-52730-f2000,front-wheel-bearing-hub-assembly-for-2017-2018-2019-2020-hyundai-elantra-513420"
HYUNDAI,ELANTRA,2018,SEL Sedan 4-Door,"rear-wheel-hub-bearing-assembly-fits-for-2017-2018-hyundai-elantra-52730-f2000,front-wheel-bearing-hub-assembly-for-2017-2018-2019-2020-hyundai-elantra-513420"
HYUNDAI,ELANTRA,2018,SE Sedan 4-Door,"rear-wheel-hub-bearing-assembly-fits-for-2017-2018-hyundai-elantra-52730-f2000,front-wheel-bearing-hub-assembly-for-2017-2018-2019-2020-hyundai-elantra-513420"
HYUNDAI,ELANTRA,2018,Sport Sedan 4-Door,"rear-wheel-hub-bearing-assembly-fits-for-2017-2018-hyundai-elantra-52730-f2000,front-wheel-bearing-hub-assembly-for-2017-2018-2019-2020-hyundai-elantra-513420"
HYUNDAI,ELANTRA,2018,Sport Tech Sedan 4-Door,"rear-wheel-hub-bearing-assembly-fits-for-2017-2018-hyundai-elantra-52730-f2000,front-wheel-bearing-hub-assembly-for-2017-2018-2019-2020-hyundai-elantra-513420"
HYUNDAI,ELANTRA,2018,Value Edition Sedan 4-Door,"rear-wheel-hub-bearing-assembly-fits-for-2017-2018-hyundai-elantra-52730-f2000,front-wheel-bearing-hub-assembly-for-2017-2018-2019-2020-hyundai-elantra-513420"
HYUNDAI,ELANTRA,2017,Eco Sedan 4-Door,"rear-wheel-hub-bearing-assembly-fits-for-2017-2018-hyundai-elantra-52730-f2000,front-wheel-bearing-hub-assembly-for-2017-2018-2019-2020-hyundai-elantra-513420"
HYUNDAI,ELANTRA,2017,GLS Premium Sedan 4-Door,"rear-wheel-hub-bearing-assembly-fits-for-2017-2018-hyundai-elantra-52730-f2000,front-wheel-bearing-hub-assembly-for-2017-2018-2019-2020-hyundai-elantra-513420"
HYUNDAI,ELANTRA,2017,GLS Sedan 4-Door,"rear-wheel-hub-bearing-assembly-fits-for-2017-2018-hyundai-elantra-52730-f2000,front-wheel-bearing-hub-assembly-for-2017-2018-2019-2020-hyundai-elantra-513420,front-wheel-bearing-hub-assembly-for-2017-2018-2019-2020-hyundai-elantra-513420"
HYUNDAI,ELANTRA,2017,GL Sedan 4-Door,"rear-wheel-hub-bearing-assembly-fits-for-2017-2018-hyundai-elantra-52730-f2000,front-wheel-bearing-hub-assembly-for-2017-2018-2019-2020-hyundai-elantra-513420"
HYUNDAI,ELANTRA,2017,LE Sedan 4-Door,"rear-wheel-hub-bearing-assembly-fits-for-2017-2018-hyundai-elantra-52730-f2000,front-wheel-bearing-hub-assembly-for-2017-2018-2019-2020-hyundai-elantra-513420"
HYUNDAI,ELANTRA,2017,L Sedan 4-Door,"rear-wheel-hub-bearing-assembly-fits-for-2017-2018-hyundai-elantra-52730-f2000,front-wheel-bearing-hub-assembly-for-2017-2018-2019-2020-hyundai-elantra-513420"
HYUNDAI,ELANTRA,2017,Limited Sedan 4-Door,"rear-wheel-hub-bearing-assembly-fits-for-2017-2018-hyundai-elantra-52730-f2000,front-wheel-bearing-hub-assembly-for-2017-2018-2019-2020-hyundai-elantra-513420"
HYUNDAI,ELANTRA,2017,SE Sedan 4-Door,"rear-wheel-hub-bearing-assembly-fits-for-2017-2018-hyundai-elantra-52730-f2000,front-wheel-bearing-hub-assembly-for-2017-2018-2019-2020-hyundai-elantra-513420"
HYUNDAI,ELANTRA,2017,Sport Sedan 4-Door,"rear-wheel-hub-bearing-assembly-fits-for-2017-2018-hyundai-elantra-52730-f2000,front-wheel-bearing-hub-assembly-for-2017-2018-2019-2020-hyundai-elantra-513420"
HYUNDAI,ELANTRA,2017,Ultimate Sedan 4-Door,"rear-wheel-hub-bearing-assembly-fits-for-2017-2018-hyundai-elantra-52730-f2000,front-wheel-bearing-hub-assembly-for-2017-2018-2019-2020-hyundai-elantra-513420"
HYUNDAI,ELANTRA,2017,Value Edition Sedan 4-Door,"rear-wheel-hub-bearing-assembly-fits-for-2017-2018-hyundai-elantra-52730-f2000,front-wheel-bearing-hub-assembly-for-2017-2018-2019-2020-hyundai-elantra-513420"
TOYOTA,RAV4,2018,Adventure Sport Utility 4-Door,"toyota-genuine-42410-42040-rear-axle-bearing-hub-assy-rh-for-rav4-2006-2018,fwd-rear-wheel-bearing-and-hubs-assembly-for-toyota-rav4-lexus-hs250h-scion-tc,awd-rear-wheel-hub-bearing-for-2006-2018-toyota-rav4-lexus-nx200t-nx300-nx300h,front-wheel-bearing-and-hub-assembly-for-2011-2018-toyota-rav4-mirai-scion-tc"
TOYOTA,RAV4,2018,Hybrid LE+ Sport Utility 4-Door,"toyota-genuine-42410-42040-rear-axle-bearing-hub-assy-rh-for-rav4-2006-2018,fwd-rear-wheel-bearing-and-hubs-assembly-for-toyota-rav4-lexus-hs250h-scion-tc"
TOYOTA,RAV4,2018,Hybrid Limited Sport Utility 4-Door,"toyota-genuine-42410-42040-rear-axle-bearing-hub-assy-rh-for-rav4-2006-2018,fwd-rear-wheel-bearing-and-hubs-assembly-for-toyota-rav4-lexus-hs250h-scion-tc"
TOYOTA,RAV4,2018,Hybrid SE Sport Utility 4-Door,"toyota-genuine-42410-42040-rear-axle-bearing-hub-assy-rh-for-rav4-2006-2018,fwd-rear-wheel-bearing-and-hubs-assembly-for-toyota-rav4-lexus-hs250h-scion-tc"
TOYOTA,RAV4,2018,Hybrid XLE Sport Utility 4-Door,"toyota-genuine-42410-42040-rear-axle-bearing-hub-assy-rh-for-rav4-2006-2018,fwd-rear-wheel-bearing-and-hubs-assembly-for-toyota-rav4-lexus-hs250h-scion-tc"
TOYOTA,RAV4,2018,LE Sport Utility 4-Door,"toyota-genuine-42410-42040-rear-axle-bearing-hub-assy-rh-for-rav4-2006-2018,fwd-rear-wheel-bearing-and-hubs-assembly-for-toyota-rav4-lexus-hs250h-scion-tc,awd-rear-wheel-hub-bearing-for-2006-2018-toyota-rav4-lexus-nx200t-nx300-nx300h,front-wheel-bearing-and-hub-assembly-for-2011-2018-toyota-rav4-mirai-scion-tc"
TOYOTA,RAV4,2018,Limited Sport Utility 4-Door,"toyota-genuine-42410-42040-rear-axle-bearing-hub-assy-rh-for-rav4-2006-2018,fwd-rear-wheel-bearing-and-hubs-assembly-for-toyota-rav4-lexus-hs250h-scion-tc,awd-rear-wheel-hub-bearing-for-2006-2018-toyota-rav4-lexus-nx200t-nx300-nx300h,front-wheel-bearing-and-hub-assembly-for-2011-2018-toyota-rav4-mirai-scion-tc"
TOYOTA,RAV4,2018,Platinum Sport Utility 4-Door,"toyota-genuine-42410-42040-rear-axle-bearing-hub-assy-rh-for-rav4-2006-2018,fwd-rear-wheel-bearing-and-hubs-assembly-for-toyota-rav4-lexus-hs250h-scion-tc,awd-rear-wheel-hub-bearing-for-2006-2018-toyota-rav4-lexus-nx200t-nx300-nx300h,front-wheel-bearing-and-hub-assembly-for-2011-2018-toyota-rav4-mirai-scion-tc"
TOYOTA,RAV4,2018,SE Sport Utility 4-Door,"toyota-genuine-42410-42040-rear-axle-bearing-hub-assy-rh-for-rav4-2006-2018,fwd-rear-wheel-bearing-and-hubs-assembly-for-toyota-rav4-lexus-hs250h-scion-tc,awd-rear-wheel-hub-bearing-for-2006-2018-toyota-rav4-lexus-nx200t-nx300-nx300h,front-wheel-bearing-and-hub-assembly-for-2011-2018-toyota-rav4-mirai-scion-tc"
TOYOTA,RAV4,2018,XLE Plus Sport Utility 4-Door,"toyota-genuine-42410-42040-rear-axle-bearing-hub-assy-rh-for-rav4-2006-2018,fwd-rear-wheel-bearing-and-hubs-assembly-for-toyota-rav4-lexus-hs250h-scion-tc,awd-rear-wheel-hub-bearing-for-2006-2018-toyota-rav4-lexus-nx200t-nx300-nx300h,front-wheel-bearing-and-hub-assembly-for-2011-2018-toyota-rav4-mirai-scion-tc"
TOYOTA,RAV4,2018,XLE Sport Utility 4-Door,"toyota-genuine-42410-42040-rear-axle-bearing-hub-assy-rh-for-rav4-2006-2018,fwd-rear-wheel-bearing-and-hubs-assembly-for-toyota-rav4-lexus-hs250h-scion-tc,awd-rear-wheel-hub-bearing-for-2006-2018-toyota-rav4-lexus-nx200t-nx300-nx300h,front-wheel-bearing-and-hub-assembly-for-2011-2018-toyota-rav4-mirai-scion-tc"
TOYOTA,RAV4,2017,Hybrid LE+ Sport Utility 4-Door,"toyota-genuine-42410-42040-rear-axle-bearing-hub-assy-rh-for-rav4-2006-2018,fwd-rear-wheel-bearing-and-hubs-assembly-for-toyota-rav4-lexus-hs250h-scion-tc"
TOYOTA,RAV4,2017,Hybrid Limited Sport Utility 4-Door,"toyota-genuine-42410-42040-rear-axle-bearing-hub-assy-rh-for-rav4-2006-2018,fwd-rear-wheel-bearing-and-hubs-assembly-for-toyota-rav4-lexus-hs250h-scion-tc"
TOYOTA,RAV4,2017,Hybrid SE Sport Utility 4-Door,"toyota-genuine-42410-42040-rear-axle-bearing-hub-assy-rh-for-rav4-2006-2018,fwd-rear-wheel-bearing-and-hubs-assembly-for-toyota-rav4-lexus-hs250h-scion-tc"
TOYOTA,RAV4,2017,Hybrid XLE Sport Utility 4-Door,"toyota-genuine-42410-42040-rear-axle-bearing-hub-assy-rh-for-rav4-2006-2018,fwd-rear-wheel-bearing-and-hubs-assembly-for-toyota-rav4-lexus-hs250h-scion-tc"
TOYOTA,RAV4,2017,LE Sport Utility 4-Door,"toyota-genuine-42410-42040-rear-axle-bearing-hub-assy-rh-for-rav4-2006-2018,fwd-rear-wheel-bearing-and-hubs-assembly-for-toyota-rav4-lexus-hs250h-scion-tc,awd-rear-wheel-hub-bearing-for-2006-2018-toyota-rav4-lexus-nx200t-nx300-nx300h,front-wheel-bearing-and-hub-assembly-for-2011-2018-toyota-rav4-mirai-scion-tc"
TOYOTA,RAV4,2017,Limited Sport Utility 4-Door,"toyota-genuine-42410-42040-rear-axle-bearing-hub-assy-rh-for-rav4-2006-2018,fwd-rear-wheel-bearing-and-hubs-assembly-for-toyota-rav4-lexus-hs250h-scion-tc,awd-rear-wheel-hub-bearing-for-2006-2018-toyota-rav4-lexus-nx200t-nx300-nx300h,front-wheel-bearing-and-hub-assembly-for-2011-2018-toyota-rav4-mirai-scion-tc"
TOYOTA,RAV4,2017,Platinum Sport Utility 4-Door,"toyota-genuine-42410-42040-rear-axle-bearing-hub-assy-rh-for-rav4-2006-2018,fwd-rear-wheel-bearing-and-hubs-assembly-for-toyota-rav4-lexus-hs250h-scion-tc,awd-rear-wheel-hub-bearing-for-2006-2018-toyota-rav4-lexus-nx200t-nx300-nx300h,front-wheel-bearing-and-hub-assembly-for-2011-2018-toyota-rav4-mirai-scion-tc"
TOYOTA,RAV4,2017,SE Sport Utility 4-Door,"toyota-genuine-42410-42040-rear-axle-bearing-hub-assy-rh-for-rav4-2006-2018,fwd-rear-wheel-bearing-and-hubs-assembly-for-toyota-rav4-lexus-hs250h-scion-tc,awd-rear-wheel-hub-bearing-for-2006-2018-toyota-rav4-lexus-nx200t-nx300-nx300h,front-wheel-bearing-and-hub-assembly-for-2011-2018-toyota-rav4-mirai-scion-tc"
TOYOTA,RAV4,2017,XLE Plus Sport Utility 4-Door,"toyota-genuine-42410-42040-rear-axle-bearing-hub-assy-rh-for-rav4-2006-2018,fwd-rear-wheel-bearing-and-hubs-assembly-for-toyota-rav4-lexus-hs250h-scion-tc,awd-rear-wheel-hub-bearing-for-2006-2018-toyota-rav4-lexus-nx200t-nx300-nx300h,front-wheel-bearing-and-hub-assembly-for-2011-2018-toyota-rav4-mirai-scion-tc"
TOYOTA,RAV4,2017,XLE Sport Utility 4-Door,"toyota-genuine-42410-42040-rear-axle-bearing-hub-assy-rh-for-rav4-2006-2018,fwd-rear-wheel-bearing-and-hubs-assembly-for-toyota-rav4-lexus-hs250h-scion-tc,awd-rear-wheel-hub-bearing-for-2006-2018-toyota-rav4-lexus-nx200t-nx300-nx300h,front-wheel-bearing-and-hub-assembly-for-2011-2018-toyota-rav4-mirai-scion-tc"
TOYOTA,RAV4,2016,Hybrid Limited Sport Utility 4-Door,"toyota-genuine-42410-42040-rear-axle-bearing-hub-assy-rh-for-rav4-2006-2018,fwd-rear-wheel-bearing-and-hubs-assembly-for-toyota-rav4-lexus-hs250h-scion-tc"
TOYOTA,RAV4,2016,Hybrid XLE Sport Utility 4-Door,"toyota-genuine-42410-42040-rear-axle-bearing-hub-assy-rh-for-rav4-2006-2018,fwd-rear-wheel-bearing-and-hubs-assembly-for-toyota-rav4-lexus-hs250h-scion-tc"
TOYOTA,RAV4,2015,Limited Platinum Sport Utility 4-Door,"toyota-genuine-42410-42040-rear-axle-bearing-hub-assy-rh-for-rav4-2006-2018,fwd-rear-wheel-bearing-and-hubs-assembly-for-toyota-rav4-lexus-hs250h-scion-tc,awd-rear-wheel-hub-bearing-for-2006-2018-toyota-rav4-lexus-nx200t-nx300-nx300h,front-wheel-bearing-and-hub-assembly-for-2011-2018-toyota-rav4-mirai-scion-tc"
TOYOTA,RAV4,2014,EV Sport Utility 4-Door,"toyota-genuine-42410-42040-rear-axle-bearing-hub-assy-rh-for-rav4-2006-2018,fwd-rear-wheel-bearing-and-hubs-assembly-for-toyota-rav4-lexus-hs250h-scion-tc"
TOYOTA,RAV4,2014,Limited Platinum Sport Utility 4-Door,"toyota-genuine-42410-42040-rear-axle-bearing-hub-assy-rh-for-rav4-2006-2018,fwd-rear-wheel-bearing-and-hubs-assembly-for-toyota-rav4-lexus-hs250h-scion-tc,awd-rear-wheel-hub-bearing-for-2006-2018-toyota-rav4-lexus-nx200t-nx300-nx300h,front-wheel-bearing-and-hub-assembly-for-2011-2018-toyota-rav4-mirai-scion-tc"
TOYOTA,RAV4,2013,EV Sport Utility 4-Door,"toyota-genuine-42410-42040-rear-axle-bearing-hub-assy-rh-for-rav4-2006-2018,fwd-rear-wheel-bearing-and-hubs-assembly-for-toyota-rav4-lexus-hs250h-scion-tc,front-wheel-hub-febest-0182-zze150mf-oem-43550-42010"
TOYOTA,RAV4,2013,Limited Platinum Sport Utility 4-Door,"toyota-genuine-42410-42040-rear-axle-bearing-hub-assy-rh-for-rav4-2006-2018,fwd-rear-wheel-bearing-and-hubs-assembly-for-toyota-rav4-lexus-hs250h-scion-tc,awd-rear-wheel-hub-bearing-for-2006-2018-toyota-rav4-lexus-nx200t-nx300-nx300h,front-wheel-bearing-and-hub-assembly-for-2011-2018-toyota-rav4-mirai-scion-tc,front-wheel-hub-febest-0182-zze150mf-oem-43550-42010"
FORD,FIESTA,2023,Diesel Panel Van,"rear-wheel-bearing-hub-assembly-for-ford-fiesta-mk6-2008-2017-klt-fr-050ab,rear-wheel-bearing-hub-assembly-for-ford-fiesta-mk6-2008-2017-klt-fr-050ab,rear-wheel-bearing-hub-assembly-for-ford-fiesta-mk6-2008-2017-klt-fr-050ab,rear-wheel-bearing-hub-assembly-for-ford-fiesta-mk6-2008-2017-klt-fr-050ab,rear-wheel-bearing-hub-assembly-for-ford-fiesta-mk6-2008-2017-klt-fr-050ab,rear-wheel-bearing-hub-assembly-for-ford-fiesta-mk6-2008-2017-klt-fr-050ab"
FORD,FIESTA,2023,Petrol Hatch,"rear-wheel-bearing-hub-assembly-for-ford-fiesta-mk6-2008-2017-klt-fr-050ab,rear-wheel-bearing-hub-assembly-for-ford-fiesta-mk6-2008-2017-klt-fr-050ab,rear-wheel-bearing-hub-assembly-for-ford-fiesta-mk6-2008-2017-klt-fr-050ab,rear-wheel-bearing-hub-assembly-for-ford-fiesta-mk6-2008-2017-klt-fr-050ab,rear-wheel-bearing-hub-assembly-for-ford-fiesta-mk6-2008-2017-klt-fr-050ab,rear-wheel-bearing-hub-assembly-for-ford-fiesta-mk6-2008-2017-klt-fr-050ab"
FORD,FIESTA,2023,Petrol Panel Van,"rear-wheel-bearing-hub-assembly-for-ford-fiesta-mk6-2008-2017-klt-fr-050ab,rear-wheel-bearing-hub-assembly-for-ford-fiesta-mk6-2008-2017-klt-fr-050ab,rear-wheel-bearing-hub-assembly-for-ford-fiesta-mk6-2008-2017-klt-fr-050ab,rear-wheel-bearing-hub-assembly-for-ford-fiesta-mk6-2008-2017-klt-fr-050ab,rear-wheel-bearing-hub-assembly-for-ford-fiesta-mk6-2008-2017-klt-fr-050ab"
FORD,FIESTA,2023,Petrol Saloon,"rear-wheel-bearing-hub-assembly-for-ford-fiesta-mk6-2008-2017-klt-fr-050ab"
FORD,FIESTA,2022,Diesel Panel Van,"rear-wheel-bearing-hub-assembly-for-ford-fiesta-mk6-2008-2017-klt-fr-050ab,rear-wheel-bearing-hub-assembly-for-ford-fiesta-mk6-2008-2017-klt-fr-050ab,rear-wheel-bearing-hub-assembly-for-ford-fiesta-mk6-2008-2017-klt-fr-050ab,rear-wheel-bearing-hub-assembly-for-ford-fiesta-mk6-2008-2017-klt-fr-050ab,rear-wheel-bearing-hub-assembly-for-ford-fiesta-mk6-2008-2017-klt-fr-050ab,rear-wheel-bearing-hub-assembly-for-ford-fiesta-mk6-2008-2017-klt-fr-050ab"
FORD,FIESTA,2022,Petrol Hatch,"rear-wheel-bearing-hub-assembly-for-ford-fiesta-mk6-2008-2017-klt-fr-050ab,rear-wheel-bearing-hub-assembly-for-ford-fiesta-mk6-2008-2017-klt-fr-050ab,rear-wheel-bearing-hub-assembly-for-ford-fiesta-mk6-2008-2017-klt-fr-050ab,rear-wheel-bearing-hub-assembly-for-ford-fiesta-mk6-2008-2017-klt-fr-050ab,rear-wheel-bearing-hub-assembly-for-ford-fiesta-mk6-2008-2017-klt-fr-050ab,rear-wheel-bearing-hub-assembly-for-ford-fiesta-mk6-2008-2017-klt-fr-050ab"
FORD,FIESTA,2022,Petrol Panel Van,"rear-wheel-bearing-hub-assembly-for-ford-fiesta-mk6-2008-2017-klt-fr-050ab,rear-wheel-bearing-hub-assembly-for-ford-fiesta-mk6-2008-2017-klt-fr-050ab,rear-wheel-bearing-hub-assembly-for-ford-fiesta-mk6-2008-2017-klt-fr-050ab,rear-wheel-bearing-hub-assembly-for-ford-fiesta-mk6-2008-2017-klt-fr-050ab,rear-wheel-bearing-hub-assembly-for-ford-fiesta-mk6-2008-2017-klt-fr-050ab"
FORD,FIESTA,2022,Petrol Saloon,"rear-wheel-bearing-hub-assembly-for-ford-fiesta-mk6-2008-2017-klt-fr-050ab"
FORD,FIESTA,2021,Diesel Panel Van,"rear-wheel-bearing-hub-assembly-for-ford-fiesta-mk6-2008-2017-klt-fr-050ab,rear-wheel-bearing-hub-assembly-for-ford-fiesta-mk6-2008-2017-klt-fr-050ab,rear-wheel-bearing-hub-assembly-for-ford-fiesta-mk6-2008-2017-klt-fr-050ab,rear-wheel-bearing-hub-assembly-for-ford-fiesta-mk6-2008-2017-klt-fr-050ab,rear-wheel-bearing-hub-assembly-for-ford-fiesta-mk6-2008-2017-klt-fr-050ab,rear-wheel-bearing-hub-assembly-for-ford-fiesta-mk6-2008-2017-klt-fr-050ab"
FORD,FIESTA,2021,Petrol Hatch,"rear-wheel-bearing-hub-assembly-for-ford-fiesta-mk6-2008-2017-klt-fr-050ab,rear-wheel-bearing-hub-assembly-for-ford-fiesta-mk6-2008-2017-klt-fr-050ab,rear-wheel-bearing-hub-assembly-for-ford-fiesta-mk6-2008-2017-klt-fr-050ab,rear-wheel-bearing-hub-assembly-for-ford-fiesta-mk6-2008-2017-klt-fr-050ab,rear-wheel-bearing-hub-assembly-for-ford-fiesta-mk6-2008-2017-klt-fr-050ab,rear-wheel-bearing-hub-assembly-for-ford-fiesta-mk6-2008-2017-klt-fr-050ab"
FORD,FIESTA,2021,Petrol Panel Van,"rear-wheel-bearing-hub-assembly-for-ford-fiesta-mk6-2008-2017-klt-fr-050ab,rear-wheel-bearing-hub-assembly-for-ford-fiesta-mk6-2008-2017-klt-fr-050ab,rear-wheel-bearing-hub-assembly-for-ford-fiesta-mk6-2008-2017-klt-fr-050ab,rear-wheel-bearing-hub-assembly-for-ford-fiesta-mk6-2008-2017-klt-fr-050ab,rear-wheel-bearing-hub-assembly-for-ford-fiesta-mk6-2008-2017-klt-fr-050ab"
FORD,FIESTA,2021,Petrol Saloon,"rear-wheel-bearing-hub-assembly-for-ford-fiesta-mk6-2008-2017-klt-fr-050ab"
FORD,FIESTA,2020,Diesel Panel Van,"rear-wheel-bearing-hub-assembly-for-ford-fiesta-mk6-2008-2017-klt-fr-050ab,rear-wheel-bearing-hub-assembly-for-ford-fiesta-mk6-2008-2017-klt-fr-050ab,rear-wheel-bearing-hub-assembly-for-ford-fiesta-mk6-2008-2017-klt-fr-050ab,rear-wheel-bearing-hub-assembly-for-ford-fiesta-mk6-2008-2017-klt-fr-050ab,rear-wheel-bearing-hub-assembly-for-ford-fiesta-mk6-2008-2017-klt-fr-050ab,rear-wheel-bearing-hub-assembly-for-ford-fiesta-mk6-2008-2017-klt-fr-050ab"
FORD,FIESTA,2020,Petrol Hatch,"rear-wheel-bearing-hub-assembly-for-ford-fiesta-mk6-2008-2017-klt-fr-050ab,rear-wheel-bearing-hub-assembly-for-ford-fiesta-mk6-2008-2017-klt-fr-050ab,rear-wheel-bearing-hub-assembly-for-ford-fiesta-mk6-2008-2017-klt-fr-050ab,rear-wheel-bearing-hub-assembly-for-ford-fiesta-mk6-2008-2017-klt-fr-050ab,rear-wheel-bearing-hub-assembly-for-ford-fiesta-mk6-2008-2017-klt-fr-050ab,rear-wheel-bearing-hub-assembly-for-ford-fiesta-mk6-2008-2017-klt-fr-050ab"
FORD,FIESTA,2020,Petrol Panel Van,"rear-wheel-bearing-hub-assembly-for-ford-fiesta-mk6-2008-2017-klt-fr-050ab,rear-wheel-bearing-hub-assembly-for-ford-fiesta-mk6-2008-2017-klt-fr-050ab,rear-wheel-bearing-hub-assembly-for-ford-fiesta-mk6-2008-2017-klt-fr-050ab,rear-wheel-bearing-hub-assembly-for-ford-fiesta-mk6-2008-2017-klt-fr-050ab,rear-wheel-bearing-hub-assembly-for-ford-fiesta-mk6-2008-2017-klt-fr-050ab"
FORD,FIESTA,2020,Petrol Saloon,"rear-wheel-bearing-hub-assembly-for-ford-fiesta-mk6-2008-2017-klt-fr-050ab"
FORD,FIESTA,2019,Diesel Panel Van,"rear-wheel-bearing-hub-assembly-for-ford-fiesta-mk6-2008-2017-klt-fr-050ab,rear-wheel-bearing-hub-assembly-for-ford-fiesta-mk6-2008-2017-klt-fr-050ab,rear-wheel-bearing-hub-assembly-for-ford-fiesta-mk6-2008-2017-klt-fr-050ab,rear-wheel-bearing-hub-assembly-for-ford-fiesta-mk6-2008-2017-klt-fr-050ab,rear-wheel-bearing-hub-assembly-for-ford-fiesta-mk6-2008-2017-klt-fr-050ab,rear-wheel-bearing-hub-assembly-for-ford-fiesta-mk6-2008-2017-klt-fr-050ab"
FORD,FIESTA,2019,Petrol Hatch,"rear-wheel-bearing-hub-assembly-for-ford-fiesta-mk6-2008-2017-klt-fr-050ab,rear-wheel-bearing-hub-assembly-for-ford-fiesta-mk6-2008-2017-klt-fr-050ab,rear-wheel-bearing-hub-assembly-for-ford-fiesta-mk6-2008-2017-klt-fr-050ab,rear-wheel-bearing-hub-assembly-for-ford-fiesta-mk6-2008-2017-klt-fr-050ab,rear-wheel-bearing-hub-assembly-for-ford-fiesta-mk6-2008-2017-klt-fr-050ab,rear-wheel-bearing-hub-assembly-for-ford-fiesta-mk6-2008-2017-klt-fr-050ab"
FORD,FIESTA,2019,Petrol Panel Van,"rear-wheel-bearing-hub-assembly-for-ford-fiesta-mk6-2008-2017-klt-fr-050ab,rear-wheel-bearing-hub-assembly-for-ford-fiesta-mk6-2008-2017-klt-fr-050ab,rear-wheel-bearing-hub-assembly-for-ford-fiesta-mk6-2008-2017-klt-fr-050ab,rear-wheel-bearing-hub-assembly-for-ford-fiesta-mk6-2008-2017-klt-fr-050ab,rear-wheel-bearing-hub-assembly-for-ford-fiesta-mk6-2008-2017-klt-fr-050ab"
FORD,FIESTA,2019,Petrol Saloon,"rear-wheel-bearing-hub-assembly-for-ford-fiesta-mk6-2008-2017-klt-fr-050ab"
FORD,FIESTA,2018,Diesel Panel Van,"rear-wheel-bearing-hub-assembly-for-ford-fiesta-mk6-2008-2017-klt-fr-050ab,rear-wheel-bearing-hub-assembly-for-ford-fiesta-mk6-2008-2017-klt-fr-050ab,rear-wheel-bearing-hub-assembly-for-ford-fiesta-mk6-2008-2017-klt-fr-050ab,rear-wheel-bearing-hub-assembly-for-ford-fiesta-mk6-2008-2017-klt-fr-050ab,rear-wheel-bearing-hub-assembly-for-ford-fiesta-mk6-2008-2017-klt-fr-050ab,rear-wheel-bearing-hub-assembly-for-ford-fiesta-mk6-2008-2017-klt-fr-050ab"
FORD,FIESTA,2018,Petrol Hatch,"rear-wheel-bearing-hub-assembly-for-ford-fiesta-mk6-2008-2017-klt-fr-050ab,rear-wheel-bearing-hub-assembly-for-ford-fiesta-mk6-2008-2017-klt-fr-050ab,rear-wheel-bearing-hub-assembly-for-ford-fiesta-mk6-2008-2017-klt-fr-050ab,rear-wheel-bearing-hub-assembly-for-ford-fiesta-mk6-2008-2017-klt-fr-050ab,rear-wheel-bearing-hub-assembly-for-ford-fiesta-mk6-2008-2017-klt-fr-050ab,rear-wheel-bearing-hub-assembly-for-ford-fiesta-mk6-2008-2017-klt-fr-050ab"
FORD,FIESTA,2018,Petrol Panel Van,"rear-wheel-bearing-hub-assembly-for-ford-fiesta-mk6-2008-2017-klt-fr-050ab,rear-wheel-bearing-hub-assembly-for-ford-fiesta-mk6-2008-2017-klt-fr-050ab,rear-wheel-bearing-hub-assembly-for-ford-fiesta-mk6-2008-2017-klt-fr-050ab,rear-wheel-bearing-hub-assembly-for-ford-fiesta-mk6-2008-2017-klt-fr-050ab,rear-wheel-bearing-hub-assembly-for-ford-fiesta-mk6-2008-2017-klt-fr-050ab"
FORD,FIESTA,2018,Petrol Saloon,"rear-wheel-bearing-hub-assembly-for-ford-fiesta-mk6-2008-2017-klt-fr-050ab"
FORD,FIESTA,2017,Diesel Hatch,"rear-wheel-bearing-hub-assembly-for-ford-fiesta-mk6-2008-2017-klt-fr-050ab,rear-wheel-bearing-hub-assembly-for-ford-fiesta-mk6-2008-2017-klt-fr-050ab"
FORD,FIESTA,2017,Diesel Panel Van,"rear-wheel-bearing-hub-assembly-for-ford-fiesta-mk6-2008-2017-klt-fr-050ab,rear-wheel-bearing-hub-assembly-for-ford-fiesta-mk6-2008-2017-klt-fr-050ab,rear-wheel-bearing-hub-assembly-for-ford-fiesta-mk6-2008-2017-klt-fr-050ab,rear-wheel-bearing-hub-assembly-for-ford-fiesta-mk6-2008-2017-klt-fr-050ab,rear-wheel-bearing-hub-assembly-for-ford-fiesta-mk6-2008-2017-klt-fr-050ab,rear-wheel-bearing-hub-assembly-for-ford-fiesta-mk6-2008-2017-klt-fr-050ab"
FORD,FIESTA,2017,Petrol Hatch,"rear-wheel-bearing-hub-assembly-for-ford-fiesta-mk6-2008-2017-klt-fr-050ab,rear-wheel-bearing-hub-assembly-for-ford-fiesta-mk6-2008-2017-klt-fr-050ab,rear-wheel-bearing-hub-assembly-for-ford-fiesta-mk6-2008-2017-klt-fr-050ab,rear-wheel-bearing-hub-assembly-for-ford-fiesta-mk6-2008-2017-klt-fr-050ab,rear-wheel-bearing-hub-assembly-for-ford-fiesta-mk6-2008-2017-klt-fr-050ab,rear-wheel-bearing-hub-assembly-for-ford-fiesta-mk6-2008-2017-klt-fr-050ab,rear-wheel-bearing-hub-assembly-for-ford-fiesta-mk6-2008-2017-klt-fr-050ab,rear-wheel-bearing-hub-assembly-for-ford-fiesta-mk6-2008-2017-klt-fr-050ab,rear-wheel-bearing-hub-assembly-for-ford-fiesta-mk6-2008-2017-klt-fr-050ab,rear-wheel-bearing-hub-assembly-for-ford-fiesta-mk6-2008-2017-klt-fr-050ab,rear-wheel-bearing-hub-assembly-for-ford-fiesta-mk6-2008-2017-klt-fr-050ab,rear-wheel-bearing-hub-assembly-for-ford-fiesta-mk6-2008-2017-klt-fr-050ab,rear-wheel-bearing-hub-assembly-for-ford-fiesta-mk6-2008-2017-klt-fr-050ab,rear-wheel-bearing-hub-assembly-for-ford-fiesta-mk6-2008-2017-klt-fr-050ab,rear-wheel-bearing-hub-assembly-for-ford-fiesta-mk6-2008-2017-klt-fr-050ab"
FORD,FIESTA,2017,Petrol Panel Van,"rear-wheel-bearing-hub-assembly-for-ford-fiesta-mk6-2008-2017-klt-fr-050ab,rear-wheel-bearing-hub-assembly-for-ford-fiesta-mk6-2008-2017-klt-fr-050ab,rear-wheel-bearing-hub-assembly-for-ford-fiesta-mk6-2008-2017-klt-fr-050ab,rear-wheel-bearing-hub-assembly-for-ford-fiesta-mk6-2008-2017-klt-fr-050ab,rear-wheel-bearing-hub-assembly-for-ford-fiesta-mk6-2008-2017-klt-fr-050ab"
FORD,FIESTA,2017,Petrol Saloon,"rear-wheel-bearing-hub-assembly-for-ford-fiesta-mk6-2008-2017-klt-fr-050ab"
FORD,FIESTA,2016,Diesel Hatch,"rear-wheel-bearing-hub-assembly-for-ford-fiesta-mk6-2008-2017-klt-fr-050ab,rear-wheel-bearing-hub-assembly-for-ford-fiesta-mk6-2008-2017-klt-fr-050ab"
FORD,FIESTA,2016,Diesel Panel Van,"rear-wheel-bearing-hub-assembly-for-ford-fiesta-mk6-2008-2017-klt-fr-050ab,rear-wheel-bearing-hub-assembly-for-ford-fiesta-mk6-2008-2017-klt-fr-050ab,rear-wheel-bearing-hub-assembly-for-ford-fiesta-mk6-2008-2017-klt-fr-050ab,rear-wheel-bearing-hub-assembly-for-ford-fiesta-mk6-2008-2017-klt-fr-050ab,rear-wheel-bearing-hub-assembly-for-ford-fiesta-mk6-2008-2017-klt-fr-050ab,rear-wheel-bearing-hub-assembly-for-ford-fiesta-mk6-2008-2017-klt-fr-050ab"
FORD,FIESTA,2016,Petrol Hatch,"rear-wheel-bearing-hub-assembly-for-ford-fiesta-mk6-2008-2017-klt-fr-050ab,rear-wheel-bearing-hub-assembly-for-ford-fiesta-mk6-2008-2017-klt-fr-050ab,rear-wheel-bearing-hub-assembly-for-ford-fiesta-mk6-2008-2017-klt-fr-050ab,rear-wheel-bearing-hub-assembly-for-ford-fiesta-mk6-2008-2017-klt-fr-050ab,rear-wheel-bearing-hub-assembly-for-ford-fiesta-mk6-2008-2017-klt-fr-050ab,rear-wheel-bearing-hub-assembly-for-ford-fiesta-mk6-2008-2017-klt-fr-050ab,rear-wheel-bearing-hub-assembly-for-ford-fiesta-mk6-2008-2017-klt-fr-050ab,rear-wheel-bearing-hub-assembly-for-ford-fiesta-mk6-2008-2017-klt-fr-050ab,rear-wheel-bearing-hub-assembly-for-ford-fiesta-mk6-2008-2017-klt-fr-050ab,rear-wheel-bearing-hub-assembly-for-ford-fiesta-mk6-2008-2017-klt-fr-050ab,rear-wheel-bearing-hub-assembly-for-ford-fiesta-mk6-2008-2017-klt-fr-050ab,rear-wheel-bearing-hub-assembly-for-ford-fiesta-mk6-2008-2017-klt-fr-050ab,rear-wheel-bearing-hub-assembly-for-ford-fiesta-mk6-2008-2017-klt-fr-050ab,rear-wheel-bearing-hub-assembly-for-ford-fiesta-mk6-2008-2017-klt-fr-050ab,rear-wheel-bearing-hub-assembly-for-ford-fiesta-mk6-2008-2017-klt-fr-050ab"
FORD,FIESTA,2016,Petrol Panel Van,"rear-wheel-bearing-hub-assembly-for-ford-fiesta-mk6-2008-2017-klt-fr-050ab,rear-wheel-bearing-hub-assembly-for-ford-fiesta-mk6-2008-2017-klt-fr-050ab,rear-wheel-bearing-hub-assembly-for-ford-fiesta-mk6-2008-2017-klt-fr-050ab,rear-wheel-bearing-hub-assembly-for-ford-fiesta-mk6-2008-2017-klt-fr-050ab,rear-wheel-bearing-hub-assembly-for-ford-fiesta-mk6-2008-2017-klt-fr-050ab"
FORD,FIESTA,2016,Petrol Saloon,"rear-wheel-bearing-hub-assembly-for-ford-fiesta-mk6-2008-2017-klt-fr-050ab"
FORD,FIESTA,2015,Diesel Hatch,"rear-wheel-bearing-hub-assembly-for-ford-fiesta-mk6-2008-2017-klt-fr-050ab,rear-wheel-bearing-hub-assembly-for-ford-fiesta-mk6-2008-2017-klt-fr-050ab,rear-wheel-bearing-hub-assembly-for-ford-fiesta-mk6-2008-2017-klt-fr-050ab"
FORD,FIESTA,2015,Diesel Panel Van,"rear-wheel-bearing-hub-assembly-for-ford-fiesta-mk6-2008-2017-klt-fr-050ab,rear-wheel-bearing-hub-assembly-for-ford-fiesta-mk6-2008-2017-klt-fr-050ab,rear-wheel-bearing-hub-assembly-for-ford-fiesta-mk6-2008-2017-klt-fr-050ab,rear-wheel-bearing-hub-assembly-for-ford-fiesta-mk6-2008-2017-klt-fr-050ab,rear-wheel-bearing-hub-assembly-for-ford-fiesta-mk6-2008-2017-klt-fr-050ab,rear-wheel-bearing-hub-assembly-for-ford-fiesta-mk6-2008-2017-klt-fr-050ab"
FORD,FIESTA,2015,Petrol Hatch,"rear-wheel-bearing-hub-assembly-for-ford-fiesta-mk6-2008-2017-klt-fr-050ab,rear-wheel-bearing-hub-assembly-for-ford-fiesta-mk6-2008-2017-klt-fr-050ab,rear-wheel-bearing-hub-assembly-for-ford-fiesta-mk6-2008-2017-klt-fr-050ab,rear-wheel-bearing-hub-assembly-for-ford-fiesta-mk6-2008-2017-klt-fr-050ab,rear-wheel-bearing-hub-assembly-for-ford-fiesta-mk6-2008-2017-klt-fr-050ab,rear-wheel-bearing-hub-assembly-for-ford-fiesta-mk6-2008-2017-klt-fr-050ab,rear-wheel-bearing-hub-assembly-for-ford-fiesta-mk6-2008-2017-klt-fr-050ab,rear-wheel-bearing-hub-assembly-for-ford-fiesta-mk6-2008-2017-klt-fr-050ab,rear-wheel-bearing-hub-assembly-for-ford-fiesta-mk6-2008-2017-klt-fr-050ab,rear-wheel-bearing-hub-assembly-for-ford-fiesta-mk6-2008-2017-klt-fr-050ab,rear-wheel-bearing-hub-assembly-for-ford-fiesta-mk6-2008-2017-klt-fr-050ab,rear-wheel-bearing-hub-assembly-for-ford-fiesta-mk6-2008-2017-klt-fr-050ab,rear-wheel-bearing-hub-assembly-for-ford-fiesta-mk6-2008-2017-klt-fr-050ab,rear-wheel-bearing-hub-assembly-for-ford-fiesta-mk6-2008-2017-klt-fr-050ab"
FORD,FIESTA,2015,Petrol Panel Van,"rear-wheel-bearing-hub-assembly-for-ford-fiesta-mk6-2008-2017-klt-fr-050ab,rear-wheel-bearing-hub-assembly-for-ford-fiesta-mk6-2008-2017-klt-fr-050ab,rear-wheel-bearing-hub-assembly-for-ford-fiesta-mk6-2008-2017-klt-fr-050ab,rear-wheel-bearing-hub-assembly-for-ford-fiesta-mk6-2008-2017-klt-fr-050ab,rear-wheel-bearing-hub-assembly-for-ford-fiesta-mk6-2008-2017-klt-fr-050ab"
FORD,FIESTA,2015,Petrol Saloon,"rear-wheel-bearing-hub-assembly-for-ford-fiesta-mk6-2008-2017-klt-fr-050ab"
FORD,FIESTA,2014,Diesel Hatch,"rear-wheel-bearing-hub-assembly-for-ford-fiesta-mk6-2008-2017-klt-fr-050ab,rear-wheel-bearing-hub-assembly-for-ford-fiesta-mk6-2008-2017-klt-fr-050ab"
FORD,FIESTA,2014,Diesel Panel Van,"rear-wheel-bearing-hub-assembly-for-ford-fiesta-mk6-2008-2017-klt-fr-050ab,rear-wheel-bearing-hub-assembly-for-ford-fiesta-mk6-2008-2017-klt-fr-050ab,rear-wheel-bearing-hub-assembly-for-ford-fiesta-mk6-2008-2017-klt-fr-050ab,rear-wheel-bearing-hub-assembly-for-ford-fiesta-mk6-2008-2017-klt-fr-050ab,rear-wheel-bearing-hub-assembly-for-ford-fiesta-mk6-2008-2017-klt-fr-050ab"
FORD,FIESTA,2014,Petrol Hatch,"rear-wheel-bearing-hub-assembly-for-ford-fiesta-mk6-2008-2017-klt-fr-050ab,rear-wheel-bearing-hub-assembly-for-ford-fiesta-mk6-2008-2017-klt-fr-050ab,rear-wheel-bearing-hub-assembly-for-ford-fiesta-mk6-2008-2017-klt-fr-050ab,rear-wheel-bearing-hub-assembly-for-ford-fiesta-mk6-2008-2017-klt-fr-050ab,rear-wheel-bearing-hub-assembly-for-ford-fiesta-mk6-2008-2017-klt-fr-050ab,rear-wheel-bearing-hub-assembly-for-ford-fiesta-mk6-2008-2017-klt-fr-050ab,rear-wheel-bearing-hub-assembly-for-ford-fiesta-mk6-2008-2017-klt-fr-050ab,rear-wheel-bearing-hub-assembly-for-ford-fiesta-mk6-2008-2017-klt-fr-050ab,rear-wheel-bearing-hub-assembly-for-ford-fiesta-mk6-2008-2017-klt-fr-050ab,rear-wheel-bearing-hub-assembly-for-ford-fiesta-mk6-2008-2017-klt-fr-050ab,rear-wheel-bearing-hub-assembly-for-ford-fiesta-mk6-2008-2017-klt-fr-050ab,rear-wheel-bearing-hub-assembly-for-ford-fiesta-mk6-2008-2017-klt-fr-050ab,rear-wheel-bearing-hub-assembly-for-ford-fiesta-mk6-2008-2017-klt-fr-050ab"
FORD,FIESTA,2014,Petrol Panel Van,"rear-wheel-bearing-hub-assembly-for-ford-fiesta-mk6-2008-2017-klt-fr-050ab,rear-wheel-bearing-hub-assembly-for-ford-fiesta-mk6-2008-2017-klt-fr-050ab,rear-wheel-bearing-hub-assembly-for-ford-fiesta-mk6-2008-2017-klt-fr-050ab,rear-wheel-bearing-hub-assembly-for-ford-fiesta-mk6-2008-2017-klt-fr-050ab,rear-wheel-bearing-hub-assembly-for-ford-fiesta-mk6-2008-2017-klt-fr-050ab"
FORD,FIESTA,2013,Diesel Hatch,"rear-wheel-bearing-hub-assembly-for-ford-fiesta-mk6-2008-2017-klt-fr-050ab,rear-wheel-bearing-hub-assembly-for-ford-fiesta-mk6-2008-2017-klt-fr-050ab"
FORD,FIESTA,2013,Diesel Panel Van,"rear-wheel-bearing-hub-assembly-for-ford-fiesta-mk6-2008-2017-klt-fr-050ab,rear-wheel-bearing-hub-assembly-for-ford-fiesta-mk6-2008-2017-klt-fr-050ab,rear-wheel-bearing-hub-assembly-for-ford-fiesta-mk6-2008-2017-klt-fr-050ab,rear-wheel-bearing-hub-assembly-for-ford-fiesta-mk6-2008-2017-klt-fr-050ab,rear-wheel-bearing-hub-assembly-for-ford-fiesta-mk6-2008-2017-klt-fr-050ab"
FORD,FIESTA,2013,Petrol Hatch,"rear-wheel-bearing-hub-assembly-for-ford-fiesta-mk6-2008-2017-klt-fr-050ab,rear-wheel-bearing-hub-assembly-for-ford-fiesta-mk6-2008-2017-klt-fr-050ab,rear-wheel-bearing-hub-assembly-for-ford-fiesta-mk6-2008-2017-klt-fr-050ab,rear-wheel-bearing-hub-assembly-for-ford-fiesta-mk6-2008-2017-klt-fr-050ab,rear-wheel-bearing-hub-assembly-for-ford-fiesta-mk6-2008-2017-klt-fr-050ab,rear-wheel-bearing-hub-assembly-for-ford-fiesta-mk6-2008-2017-klt-fr-050ab,rear-wheel-bearing-hub-assembly-for-ford-fiesta-mk6-2008-2017-klt-fr-050ab,rear-wheel-bearing-hub-assembly-for-ford-fiesta-mk6-2008-2017-klt-fr-050ab,rear-wheel-bearing-hub-assembly-for-ford-fiesta-mk6-2008-2017-klt-fr-050ab,rear-wheel-bearing-hub-assembly-for-ford-fiesta-mk6-2008-2017-klt-fr-050ab,rear-wheel-bearing-hub-assembly-for-ford-fiesta-mk6-2008-2017-klt-fr-050ab,rear-wheel-bearing-hub-assembly-for-ford-fiesta-mk6-2008-2017-klt-fr-050ab"
FORD,FIESTA,2013,Petrol Panel Van,"rear-wheel-bearing-hub-assembly-for-ford-fiesta-mk6-2008-2017-klt-fr-050ab,rear-wheel-bearing-hub-assembly-for-ford-fiesta-mk6-2008-2017-klt-fr-050ab,rear-wheel-bearing-hub-assembly-for-ford-fiesta-mk6-2008-2017-klt-fr-050ab,rear-wheel-bearing-hub-assembly-for-ford-fiesta-mk6-2008-2017-klt-fr-050ab"
FORD,FIESTA,2012,Diesel Hatch,"rear-wheel-bearing-hub-assembly-for-ford-fiesta-mk6-2008-2017-klt-fr-050ab,rear-wheel-bearing-hub-assembly-for-ford-fiesta-mk6-2008-2017-klt-fr-050ab,rear-wheel-bearing-hub-assembly-for-ford-fiesta-mk6-2008-2017-klt-fr-050ab,rear-wheel-bearing-hub-assembly-for-ford-fiesta-mk6-2008-2017-klt-fr-050ab,rear-wheel-bearing-hub-assembly-for-ford-fiesta-mk6-2008-2017-klt-fr-050ab,rear-wheel-bearing-hub-assembly-for-ford-fiesta-mk6-2008-2017-klt-fr-050ab"
FORD,FIESTA,2012,Diesel Panel Van,"rear-wheel-bearing-hub-assembly-for-ford-fiesta-mk6-2008-2017-klt-fr-050ab,rear-wheel-bearing-hub-assembly-for-ford-fiesta-mk6-2008-2017-klt-fr-050ab,rear-wheel-bearing-hub-assembly-for-ford-fiesta-mk6-2008-2017-klt-fr-050ab,rear-wheel-bearing-hub-assembly-for-ford-fiesta-mk6-2008-2017-klt-fr-050ab,rear-wheel-bearing-hub-assembly-for-ford-fiesta-mk6-2008-2017-klt-fr-050ab"
FORD,FIESTA,2012,Petrol Hatch,"rear-wheel-bearing-hub-assembly-for-ford-fiesta-mk6-2008-2017-klt-fr-050ab,rear-wheel-bearing-hub-assembly-for-ford-fiesta-mk6-2008-2017-klt-fr-050ab,rear-wheel-bearing-hub-assembly-for-ford-fiesta-mk6-2008-2017-klt-fr-050ab,rear-wheel-bearing-hub-assembly-for-ford-fiesta-mk6-2008-2017-klt-fr-050ab,rear-wheel-bearing-hub-assembly-for-ford-fiesta-mk6-2008-2017-klt-fr-050ab,rear-wheel-bearing-hub-assembly-for-ford-fiesta-mk6-2008-2017-klt-fr-050ab,rear-wheel-bearing-hub-assembly-for-ford-fiesta-mk6-2008-2017-klt-fr-050ab,rear-wheel-bearing-hub-assembly-for-ford-fiesta-mk6-2008-2017-klt-fr-050ab,rear-wheel-bearing-hub-assembly-for-ford-fiesta-mk6-2008-2017-klt-fr-050ab,rear-wheel-bearing-hub-assembly-for-ford-fiesta-mk6-2008-2017-klt-fr-050ab"
FORD,FIESTA,2012,Petrol Panel Van,"rear-wheel-bearing-hub-assembly-for-ford-fiesta-mk6-2008-2017-klt-fr-050ab,rear-wheel-bearing-hub-assembly-for-ford-fiesta-mk6-2008-2017-klt-fr-050ab,rear-wheel-bearing-hub-assembly-for-ford-fiesta-mk6-2008-2017-klt-fr-050ab,rear-wheel-bearing-hub-assembly-for-ford-fiesta-mk6-2008-2017-klt-fr-050ab,rear-wheel-bearing-hub-assembly-for-ford-fiesta-mk6-2008-2017-klt-fr-050ab"
FORD,FIESTA,2011,Diesel Hatch,"rear-wheel-bearing-hub-assembly-for-ford-fiesta-mk6-2008-2017-klt-fr-050ab,rear-wheel-bearing-hub-assembly-for-ford-fiesta-mk6-2008-2017-klt-fr-050ab,rear-wheel-bearing-hub-assembly-for-ford-fiesta-mk6-2008-2017-klt-fr-050ab,rear-wheel-bearing-hub-assembly-for-ford-fiesta-mk6-2008-2017-klt-fr-050ab,rear-wheel-bearing-hub-assembly-for-ford-fiesta-mk6-2008-2017-klt-fr-050ab"
FORD,FIESTA,2011,Diesel Panel Van,"rear-wheel-bearing-hub-assembly-for-ford-fiesta-mk6-2008-2017-klt-fr-050ab,rear-wheel-bearing-hub-assembly-for-ford-fiesta-mk6-2008-2017-klt-fr-050ab,rear-wheel-bearing-hub-assembly-for-ford-fiesta-mk6-2008-2017-klt-fr-050ab,rear-wheel-bearing-hub-assembly-for-ford-fiesta-mk6-2008-2017-klt-fr-050ab"
FORD,FIESTA,2011,Petrol Hatch,"rear-wheel-bearing-hub-assembly-for-ford-fiesta-mk6-2008-2017-klt-fr-050ab,rear-wheel-bearing-hub-assembly-for-ford-fiesta-mk6-2008-2017-klt-fr-050ab,rear-wheel-bearing-hub-assembly-for-ford-fiesta-mk6-2008-2017-klt-fr-050ab,rear-wheel-bearing-hub-assembly-for-ford-fiesta-mk6-2008-2017-klt-fr-050ab,rear-wheel-bearing-hub-assembly-for-ford-fiesta-mk6-2008-2017-klt-fr-050ab,rear-wheel-bearing-hub-assembly-for-ford-fiesta-mk6-2008-2017-klt-fr-050ab,rear-wheel-bearing-hub-assembly-for-ford-fiesta-mk6-2008-2017-klt-fr-050ab"
FORD,FIESTA,2011,Petrol Panel Van,"rear-wheel-bearing-hub-assembly-for-ford-fiesta-mk6-2008-2017-klt-fr-050ab,rear-wheel-bearing-hub-assembly-for-ford-fiesta-mk6-2008-2017-klt-fr-050ab,rear-wheel-bearing-hub-assembly-for-ford-fiesta-mk6-2008-2017-klt-fr-050ab,rear-wheel-bearing-hub-assembly-for-ford-fiesta-mk6-2008-2017-klt-fr-050ab"
FORD,FIESTA,2010,Diesel Hatch,"rear-wheel-bearing-hub-assembly-for-ford-fiesta-mk6-2008-2017-klt-fr-050ab,rear-wheel-bearing-hub-assembly-for-ford-fiesta-mk6-2008-2017-klt-fr-050ab,rear-wheel-bearing-hub-assembly-for-ford-fiesta-mk6-2008-2017-klt-fr-050ab,rear-wheel-bearing-hub-assembly-for-ford-fiesta-mk6-2008-2017-klt-fr-050ab,rear-wheel-bearing-hub-assembly-for-ford-fiesta-mk6-2008-2017-klt-fr-050ab"
FORD,FIESTA,2010,Diesel Panel Van,"rear-wheel-bearing-hub-assembly-for-ford-fiesta-mk6-2008-2017-klt-fr-050ab,rear-wheel-bearing-hub-assembly-for-ford-fiesta-mk6-2008-2017-klt-fr-050ab,rear-wheel-bearing-hub-assembly-for-ford-fiesta-mk6-2008-2017-klt-fr-050ab,rear-wheel-bearing-hub-assembly-for-ford-fiesta-mk6-2008-2017-klt-fr-050ab"
FORD,FIESTA,2010,Petrol Hatch,"rear-wheel-bearing-hub-assembly-for-ford-fiesta-mk6-2008-2017-klt-fr-050ab,rear-wheel-bearing-hub-assembly-for-ford-fiesta-mk6-2008-2017-klt-fr-050ab,rear-wheel-bearing-hub-assembly-for-ford-fiesta-mk6-2008-2017-klt-fr-050ab,rear-wheel-bearing-hub-assembly-for-ford-fiesta-mk6-2008-2017-klt-fr-050ab,rear-wheel-bearing-hub-assembly-for-ford-fiesta-mk6-2008-2017-klt-fr-050ab,rear-wheel-bearing-hub-assembly-for-ford-fiesta-mk6-2008-2017-klt-fr-050ab,rear-wheel-bearing-hub-assembly-for-ford-fiesta-mk6-2008-2017-klt-fr-050ab"
FORD,FIESTA,2010,Petrol Panel Van,"rear-wheel-bearing-hub-assembly-for-ford-fiesta-mk6-2008-2017-klt-fr-050ab,rear-wheel-bearing-hub-assembly-for-ford-fiesta-mk6-2008-2017-klt-fr-050ab,rear-wheel-bearing-hub-assembly-for-ford-fiesta-mk6-2008-2017-klt-fr-050ab,rear-wheel-bearing-hub-assembly-for-ford-fiesta-mk6-2008-2017-klt-fr-050ab"
FORD,FIESTA,2009,Diesel Hatch,"rear-wheel-bearing-hub-assembly-for-ford-fiesta-mk6-2008-2017-klt-fr-050ab,rear-wheel-bearing-hub-assembly-for-ford-fiesta-mk6-2008-2017-klt-fr-050ab,rear-wheel-bearing-hub-assembly-for-ford-fiesta-mk6-2008-2017-klt-fr-050ab"
FORD,FIESTA,2009,Diesel Panel Van,"rear-wheel-bearing-hub-assembly-for-ford-fiesta-mk6-2008-2017-klt-fr-050ab,rear-wheel-bearing-hub-assembly-for-ford-fiesta-mk6-2008-2017-klt-fr-050ab"
FORD,FIESTA,2009,Petrol Hatch,"rear-wheel-bearing-hub-assembly-for-ford-fiesta-mk6-2008-2017-klt-fr-050ab,rear-wheel-bearing-hub-assembly-for-ford-fiesta-mk6-2008-2017-klt-fr-050ab,rear-wheel-bearing-hub-assembly-for-ford-fiesta-mk6-2008-2017-klt-fr-050ab,rear-wheel-bearing-hub-assembly-for-ford-fiesta-mk6-2008-2017-klt-fr-050ab,rear-wheel-bearing-hub-assembly-for-ford-fiesta-mk6-2008-2017-klt-fr-050ab,rear-wheel-bearing-hub-assembly-for-ford-fiesta-mk6-2008-2017-klt-fr-050ab"
FORD,FIESTA,2009,Petrol Panel Van,"rear-wheel-bearing-hub-assembly-for-ford-fiesta-mk6-2008-2017-klt-fr-050ab,rear-wheel-bearing-hub-assembly-for-ford-fiesta-mk6-2008-2017-klt-fr-050ab,rear-wheel-bearing-hub-assembly-for-ford-fiesta-mk6-2008-2017-klt-fr-050ab,rear-wheel-bearing-hub-assembly-for-ford-fiesta-mk6-2008-2017-klt-fr-050ab"
FORD,FIESTA,2008,Diesel Hatch,"rear-wheel-bearing-hub-assembly-for-ford-fiesta-mk6-2008-2017-klt-fr-050ab,rear-wheel-bearing-hub-assembly-for-ford-fiesta-mk6-2008-2017-klt-fr-050ab,rear-wheel-bearing-hub-assembly-for-ford-fiesta-mk6-2008-2017-klt-fr-050ab"
FORD,FIESTA,2008,Petrol Hatch,"rear-wheel-bearing-hub-assembly-for-ford-fiesta-mk6-2008-2017-klt-fr-050ab,rear-wheel-bearing-hub-assembly-for-ford-fiesta-mk6-2008-2017-klt-fr-050ab,rear-wheel-bearing-hub-assembly-for-ford-fiesta-mk6-2008-2017-klt-fr-050ab,rear-wheel-bearing-hub-assembly-for-ford-fiesta-mk6-2008-2017-klt-fr-050ab"
FORD,FIESTA,2008,Petrol Panel Van,"rear-wheel-bearing-hub-assembly-for-ford-fiesta-mk6-2008-2017-klt-fr-050ab,rear-wheel-bearing-hub-assembly-for-ford-fiesta-mk6-2008-2017-klt-fr-050ab,rear-wheel-bearing-hub-assembly-for-ford-fiesta-mk6-2008-2017-klt-fr-050ab"
HYUNDAI,ELANTRA,2010,Blue Sedan 4-Door,"rear-l-or-r-wheel-bearing-hub-assembly-for-hyundai-elantra-512340-2007-2010"
HYUNDAI,ELANTRA,2010,GLS Sedan 4-Door,"rear-l-or-r-wheel-bearing-hub-assembly-for-hyundai-elantra-512340-2007-2010"
HYUNDAI,ELANTRA,2010,GL Sedan 4-Door,"rear-l-or-r-wheel-bearing-hub-assembly-for-hyundai-elantra-512340-2007-2010"
HYUNDAI,ELANTRA,2010,L Sedan 4-Door,"rear-l-or-r-wheel-bearing-hub-assembly-for-hyundai-elantra-512340-2007-2010"
HYUNDAI,ELANTRA,2010,Limited Sedan 4-Door,"rear-l-or-r-wheel-bearing-hub-assembly-for-hyundai-elantra-512340-2007-2010"
HYUNDAI,ELANTRA,2010,SE Sedan 4-Door,"rear-l-or-r-wheel-bearing-hub-assembly-for-hyundai-elantra-512340-2007-2010"
HYUNDAI,ELANTRA,2010,Touring GL Hatchback 4-Door,"rear-l-or-r-wheel-bearing-hub-assembly-for-hyundai-elantra-512340-2007-2010"
HYUNDAI,ELANTRA,2010,Touring GLS Hatchback 4-Door,"rear-l-or-r-wheel-bearing-hub-assembly-for-hyundai-elantra-512340-2007-2010"
HYUNDAI,ELANTRA,2010,Touring L Hatchback 4-Door,"rear-l-or-r-wheel-bearing-hub-assembly-for-hyundai-elantra-512340-2007-2010"
HYUNDAI,ELANTRA,2010,Touring SE Hatchback 4-Door,"rear-l-or-r-wheel-bearing-hub-assembly-for-hyundai-elantra-512340-2007-2010"
HYUNDAI,ELANTRA,2009,GLS Sedan 4-Door,"rear-l-or-r-wheel-bearing-hub-assembly-for-hyundai-elantra-512340-2007-2010"
HYUNDAI,ELANTRA,2009,GL Sedan 4-Door,"rear-l-or-r-wheel-bearing-hub-assembly-for-hyundai-elantra-512340-2007-2010"
HYUNDAI,ELANTRA,2009,L Sedan 4-Door,"rear-l-or-r-wheel-bearing-hub-assembly-for-hyundai-elantra-512340-2007-2010"
HYUNDAI,ELANTRA,2009,Limited Sedan 4-Door,"rear-l-or-r-wheel-bearing-hub-assembly-for-hyundai-elantra-512340-2007-2010"
HYUNDAI,ELANTRA,2009,SE Sedan 4-Door,"rear-l-or-r-wheel-bearing-hub-assembly-for-hyundai-elantra-512340-2007-2010"
HYUNDAI,ELANTRA,2009,Touring Hatchback 4-Door,"rear-l-or-r-wheel-bearing-hub-assembly-for-hyundai-elantra-512340-2007-2010"
HYUNDAI,ELANTRA,2008,GLS Sedan 4-Door,"rear-l-or-r-wheel-bearing-hub-assembly-for-hyundai-elantra-512340-2007-2010"
HYUNDAI,ELANTRA,2008,GLS Sport Sedan 4-Door,"rear-l-or-r-wheel-bearing-hub-assembly-for-hyundai-elantra-512340-2007-2010"
HYUNDAI,ELANTRA,2008,GL Sedan 4-Door,"rear-l-or-r-wheel-bearing-hub-assembly-for-hyundai-elantra-512340-2007-2010"
HYUNDAI,ELANTRA,2008,L Sedan 4-Door,"rear-l-or-r-wheel-bearing-hub-assembly-for-hyundai-elantra-512340-2007-2010"
HYUNDAI,ELANTRA,2008,Limited Sedan 4-Door,"rear-l-or-r-wheel-bearing-hub-assembly-for-hyundai-elantra-512340-2007-2010"
HYUNDAI,ELANTRA,2008,SE Sedan 4-Door,"rear-l-or-r-wheel-bearing-hub-assembly-for-hyundai-elantra-512340-2007-2010"
HYUNDAI,ELANTRA,2007,GLS Sedan 4-Door,"rear-l-or-r-wheel-bearing-hub-assembly-for-hyundai-elantra-512340-2007-2010"
HYUNDAI,ELANTRA,2007,Limited Sedan 4-Door,"rear-l-or-r-wheel-bearing-hub-assembly-for-hyundai-elantra-512340-2007-2010"
HYUNDAI,ELANTRA,2007,SE Sedan 4-Door,"rear-l-or-r-wheel-bearing-hub-assembly-for-hyundai-elantra-512340-2007-2010"
KIA,FORTE,2018,EX Hatchback 4-Door,"rear-l-or-r-wheel-bearing-hub-assembly-for-hyundai-elantra-kia-forte-512492"
KIA,FORTE,2018,EX Sedan 4-Door,"rear-l-or-r-wheel-bearing-hub-assembly-for-hyundai-elantra-kia-forte-512492"
KIA,FORTE,2018,L Sedan 4-Door,"rear-l-or-r-wheel-bearing-hub-assembly-for-hyundai-elantra-kia-forte-512492"
KIA,FORTE,2018,LX Sedan 4-Door,"rear-l-or-r-wheel-bearing-hub-assembly-for-hyundai-elantra-kia-forte-512492"
KIA,FORTE,2018,S Sedan 4-Door,"rear-l-or-r-wheel-bearing-hub-assembly-for-hyundai-elantra-kia-forte-512492"
KIA,FORTE,2018,SX Hatchback 4-Door,"rear-l-or-r-wheel-bearing-hub-assembly-for-hyundai-elantra-kia-forte-512492"
KIA,FORTE,2018,SX Sedan 4-Door,"rear-l-or-r-wheel-bearing-hub-assembly-for-hyundai-elantra-kia-forte-512492"
KIA,FORTE5,2018,EX Hatchback 4-Door,"rear-l-or-r-wheel-bearing-hub-assembly-for-hyundai-elantra-kia-forte-512492"
KIA,FORTE5,2018,LX Hatchback 4-Door,"rear-l-or-r-wheel-bearing-hub-assembly-for-hyundai-elantra-kia-forte-512492"
KIA,FORTE5,2018,SX Hatchback 4-Door,"rear-l-or-r-wheel-bearing-hub-assembly-for-hyundai-elantra-kia-forte-512492"
HYUNDAI,ELANTRA GT,2017,Base Hatchback 4-Door,"rear-l-or-r-wheel-bearing-hub-assembly-for-hyundai-elantra-kia-forte-512492,front-wheel-bearing-hub-assembly-for-2017-2018-2019-2020-hyundai-elantra-513420"
HYUNDAI,ELANTRA GT,2017,GL Hatchback 4-Door,"rear-l-or-r-wheel-bearing-hub-assembly-for-hyundai-elantra-kia-forte-512492,front-wheel-bearing-hub-assembly-for-2017-2018-2019-2020-hyundai-elantra-513420"
HYUNDAI,ELANTRA GT,2017,GLS Hatchback 4-Door,"rear-l-or-r-wheel-bearing-hub-assembly-for-hyundai-elantra-kia-forte-512492,front-wheel-bearing-hub-assembly-for-2017-2018-2019-2020-hyundai-elantra-513420"
HYUNDAI,ELANTRA GT,2017,Limited Hatchback 4-Door,"rear-l-or-r-wheel-bearing-hub-assembly-for-hyundai-elantra-kia-forte-512492,front-wheel-bearing-hub-assembly-for-2017-2018-2019-2020-hyundai-elantra-513420"
HYUNDAI,ELANTRA GT,2017,SE Hatchback 4-Door,"rear-l-or-r-wheel-bearing-hub-assembly-for-hyundai-elantra-kia-forte-512492,front-wheel-bearing-hub-assembly-for-2017-2018-2019-2020-hyundai-elantra-513420"
KIA,FORTE,2017,EX Hatchback 4-Door,"rear-l-or-r-wheel-bearing-hub-assembly-for-hyundai-elantra-kia-forte-512492"
KIA,FORTE,2017,EX Sedan 4-Door,"rear-l-or-r-wheel-bearing-hub-assembly-for-hyundai-elantra-kia-forte-512492"
KIA,FORTE,2017,L Sedan 4-Door,"rear-l-or-r-wheel-bearing-hub-assembly-for-hyundai-elantra-kia-forte-512492"
KIA,FORTE,2017,LX Sedan 4-Door,"rear-l-or-r-wheel-bearing-hub-assembly-for-hyundai-elantra-kia-forte-512492"
KIA,FORTE,2017,S Sedan 4-Door,"rear-l-or-r-wheel-bearing-hub-assembly-for-hyundai-elantra-kia-forte-512492"
KIA,FORTE,2017,SX Hatchback 4-Door,"rear-l-or-r-wheel-bearing-hub-assembly-for-hyundai-elantra-kia-forte-512492"
KIA,FORTE,2017,SX Sedan 4-Door,"rear-l-or-r-wheel-bearing-hub-assembly-for-hyundai-elantra-kia-forte-512492"
KIA,FORTE5,2017,EX Hatchback 4-Door,"rear-l-or-r-wheel-bearing-hub-assembly-for-hyundai-elantra-kia-forte-512492"
KIA,FORTE5,2017,LX Hatchback 4-Door,"rear-l-or-r-wheel-bearing-hub-assembly-for-hyundai-elantra-kia-forte-512492"
KIA,FORTE5,2017,SX Hatchback 4-Door,"rear-l-or-r-wheel-bearing-hub-assembly-for-hyundai-elantra-kia-forte-512492"
HYUNDAI,ELANTRA,2016,GLS Premium Sedan 4-Door,"rear-l-or-r-wheel-bearing-hub-assembly-for-hyundai-elantra-kia-forte-512492"
HYUNDAI,ELANTRA,2016,GLS Sedan 4-Door,"rear-l-or-r-wheel-bearing-hub-assembly-for-hyundai-elantra-kia-forte-512492,rear-l-or-r-wheel-bearing-hub-assembly-for-hyundai-elantra-kia-forte-512492"
HYUNDAI,ELANTRA,2016,GL Sedan 4-Door,"rear-l-or-r-wheel-bearing-hub-assembly-for-hyundai-elantra-kia-forte-512492"
HYUNDAI,ELANTRA,2016,L Sedan 4-Door,"rear-l-or-r-wheel-bearing-hub-assembly-for-hyundai-elantra-kia-forte-512492"
HYUNDAI,ELANTRA,2016,Limited Sedan 4-Door,"rear-l-or-r-wheel-bearing-hub-assembly-for-hyundai-elantra-kia-forte-512492,rear-l-or-r-wheel-bearing-hub-assembly-for-hyundai-elantra-kia-forte-512492"
HYUNDAI,ELANTRA,2016,Limited Tech Sedan 4-Door,"rear-l-or-r-wheel-bearing-hub-assembly-for-hyundai-elantra-kia-forte-512492"
HYUNDAI,ELANTRA,2016,SE Sedan 4-Door,"rear-l-or-r-wheel-bearing-hub-assembly-for-hyundai-elantra-kia-forte-512492"
HYUNDAI,ELANTRA,2016,Sport Sedan 4-Door,"rear-l-or-r-wheel-bearing-hub-assembly-for-hyundai-elantra-kia-forte-512492"
HYUNDAI,ELANTRA,2016,Value Edition Sedan 4-Door,"rear-l-or-r-wheel-bearing-hub-assembly-for-hyundai-elantra-kia-forte-512492"
HYUNDAI,ELANTRA GT,2016,Base Hatchback 4-Door,"rear-l-or-r-wheel-bearing-hub-assembly-for-hyundai-elantra-kia-forte-512492"
HYUNDAI,ELANTRA GT,2016,GL Hatchback 4-Door,"rear-l-or-r-wheel-bearing-hub-assembly-for-hyundai-elantra-kia-forte-512492"
HYUNDAI,ELANTRA GT,2016,GLS Hatchback 4-Door,"rear-l-or-r-wheel-bearing-hub-assembly-for-hyundai-elantra-kia-forte-512492"
HYUNDAI,ELANTRA GT,2016,L Hatchback 4-Door,"rear-l-or-r-wheel-bearing-hub-assembly-for-hyundai-elantra-kia-forte-512492"
HYUNDAI,ELANTRA GT,2016,Limited Hatchback 4-Door,"rear-l-or-r-wheel-bearing-hub-assembly-for-hyundai-elantra-kia-forte-512492"
KIA,FORTE,2016,EX Sedan 4-Door,"rear-l-or-r-wheel-bearing-hub-assembly-for-hyundai-elantra-kia-forte-512492"
KIA,FORTE,2016,LX Sedan 4-Door,"rear-l-or-r-wheel-bearing-hub-assembly-for-hyundai-elantra-kia-forte-512492,rear-l-or-r-wheel-bearing-hub-assembly-for-hyundai-elantra-kia-forte-512492"
KIA,FORTE,2016,SX Sedan 4-Door,"rear-l-or-r-wheel-bearing-hub-assembly-for-hyundai-elantra-kia-forte-512492"
KIA,FORTE5,2016,EX Hatchback 4-Door,"rear-l-or-r-wheel-bearing-hub-assembly-for-hyundai-elantra-kia-forte-512492"
KIA,FORTE5,2016,LX Hatchback 4-Door,"rear-l-or-r-wheel-bearing-hub-assembly-for-hyundai-elantra-kia-forte-512492"
KIA,FORTE5,2016,SX Hatchback 4-Door,"rear-l-or-r-wheel-bearing-hub-assembly-for-hyundai-elantra-kia-forte-512492"
KIA,FORTE KOUP,2016,EX Coupe 2-Door,"rear-l-or-r-wheel-bearing-hub-assembly-for-hyundai-elantra-kia-forte-512492"
KIA,FORTE KOUP,2016,SX Coupe 2-Door,"rear-l-or-r-wheel-bearing-hub-assembly-for-hyundai-elantra-kia-forte-512492"
KIA,FORTE KOUP,2016,SX Luxury Coupe 2-Door,"rear-l-or-r-wheel-bearing-hub-assembly-for-hyundai-elantra-kia-forte-512492"
HYUNDAI,ELANTRA,2015,GLS Sedan 4-Door,"rear-l-or-r-wheel-bearing-hub-assembly-for-hyundai-elantra-kia-forte-512492,rear-l-or-r-wheel-bearing-hub-assembly-for-hyundai-elantra-kia-forte-512492"
HYUNDAI,ELANTRA,2015,GL Sedan 4-Door,"rear-l-or-r-wheel-bearing-hub-assembly-for-hyundai-elantra-kia-forte-512492"
HYUNDAI,ELANTRA,2015,L Sedan 4-Door,"rear-l-or-r-wheel-bearing-hub-assembly-for-hyundai-elantra-kia-forte-512492"
HYUNDAI,ELANTRA,2015,Limited Sedan 4-Door,"rear-l-or-r-wheel-bearing-hub-assembly-for-hyundai-elantra-kia-forte-512492,rear-l-or-r-wheel-bearing-hub-assembly-for-hyundai-elantra-kia-forte-512492"
HYUNDAI,ELANTRA,2015,SE Sedan 4-Door,"rear-l-or-r-wheel-bearing-hub-assembly-for-hyundai-elantra-kia-forte-512492"
HYUNDAI,ELANTRA,2015,Sport Sedan 4-Door,"rear-l-or-r-wheel-bearing-hub-assembly-for-hyundai-elantra-kia-forte-512492"
HYUNDAI,ELANTRA GT,2015,Base Hatchback 4-Door,"rear-l-or-r-wheel-bearing-hub-assembly-for-hyundai-elantra-kia-forte-512492"
HYUNDAI,ELANTRA GT,2015,GL Hatchback 4-Door,"rear-l-or-r-wheel-bearing-hub-assembly-for-hyundai-elantra-kia-forte-512492"
HYUNDAI,ELANTRA GT,2015,GLS Hatchback 4-Door,"rear-l-or-r-wheel-bearing-hub-assembly-for-hyundai-elantra-kia-forte-512492"
HYUNDAI,ELANTRA GT,2015,L Hatchback 4-Door,"rear-l-or-r-wheel-bearing-hub-assembly-for-hyundai-elantra-kia-forte-512492"
HYUNDAI,ELANTRA GT,2015,SE Hatchback 4-Door,"rear-l-or-r-wheel-bearing-hub-assembly-for-hyundai-elantra-kia-forte-512492"
KIA,FORTE,2015,EX Sedan 4-Door,"rear-l-or-r-wheel-bearing-hub-assembly-for-hyundai-elantra-kia-forte-512492"
KIA,FORTE,2015,LX Sedan 4-Door,"rear-l-or-r-wheel-bearing-hub-assembly-for-hyundai-elantra-kia-forte-512492"
KIA,FORTE5,2015,EX Hatchback 4-Door,"rear-l-or-r-wheel-bearing-hub-assembly-for-hyundai-elantra-kia-forte-512492"
KIA,FORTE5,2015,SX Hatchback 4-Door,"rear-l-or-r-wheel-bearing-hub-assembly-for-hyundai-elantra-kia-forte-512492"
KIA,FORTE KOUP,2015,EX Coupe 2-Door,"rear-l-or-r-wheel-bearing-hub-assembly-for-hyundai-elantra-kia-forte-512492"
KIA,FORTE KOUP,2015,SX Coupe 2-Door,"rear-l-or-r-wheel-bearing-hub-assembly-for-hyundai-elantra-kia-forte-512492"
KIA,FORTE KOUP,2015,SX Luxury Coupe 2-Door,"rear-l-or-r-wheel-bearing-hub-assembly-for-hyundai-elantra-kia-forte-512492"
HYUNDAI,ELANTRA,2014,GLS Sedan 4-Door,"rear-l-or-r-wheel-bearing-hub-assembly-for-hyundai-elantra-kia-forte-512492"
HYUNDAI,ELANTRA,2014,GL Sedan 4-Door,"rear-l-or-r-wheel-bearing-hub-assembly-for-hyundai-elantra-kia-forte-512492"
HYUNDAI,ELANTRA,2014,L Sedan 4-Door,"rear-l-or-r-wheel-bearing-hub-assembly-for-hyundai-elantra-kia-forte-512492"
HYUNDAI,ELANTRA,2014,Limited Sedan 4-Door,"rear-l-or-r-wheel-bearing-hub-assembly-for-hyundai-elantra-kia-forte-512492,rear-l-or-r-wheel-bearing-hub-assembly-for-hyundai-elantra-kia-forte-512492"
HYUNDAI,ELANTRA,2014,SE Sedan 4-Door,"rear-l-or-r-wheel-bearing-hub-assembly-for-hyundai-elantra-kia-forte-512492"
HYUNDAI,ELANTRA,2014,Sport Sedan 4-Door,"rear-l-or-r-wheel-bearing-hub-assembly-for-hyundai-elantra-kia-forte-512492"
HYUNDAI,ELANTRA COUPE,2014,GL Coupe 2-Door,"rear-l-or-r-wheel-bearing-hub-assembly-for-hyundai-elantra-kia-forte-512492"
HYUNDAI,ELANTRA COUPE,2014,GLS Coupe 2-Door,"rear-l-or-r-wheel-bearing-hub-assembly-for-hyundai-elantra-kia-forte-512492"
HYUNDAI,ELANTRA COUPE,2014,GS Coupe 2-Door,"rear-l-or-r-wheel-bearing-hub-assembly-for-hyundai-elantra-kia-forte-512492"
HYUNDAI,ELANTRA COUPE,2014,SE Coupe 2-Door,"rear-l-or-r-wheel-bearing-hub-assembly-for-hyundai-elantra-kia-forte-512492"
HYUNDAI,ELANTRA GT,2014,Base Hatchback 4-Door,"rear-l-or-r-wheel-bearing-hub-assembly-for-hyundai-elantra-kia-forte-512492"
HYUNDAI,ELANTRA GT,2014,GL Hatchback 4-Door,"rear-l-or-r-wheel-bearing-hub-assembly-for-hyundai-elantra-kia-forte-512492"
HYUNDAI,ELANTRA GT,2014,GLS Hatchback 4-Door,"rear-l-or-r-wheel-bearing-hub-assembly-for-hyundai-elantra-kia-forte-512492"
HYUNDAI,ELANTRA GT,2014,SE Hatchback 4-Door,"rear-l-or-r-wheel-bearing-hub-assembly-for-hyundai-elantra-kia-forte-512492"
KIA,FORTE,2014,EX Sedan 4-Door,"rear-l-or-r-wheel-bearing-hub-assembly-for-hyundai-elantra-kia-forte-512492"
KIA,FORTE,2014,LX Sedan 4-Door,"rear-l-or-r-wheel-bearing-hub-assembly-for-hyundai-elantra-kia-forte-512492"
KIA,FORTE,2014,SX Sedan 4-Door,"rear-l-or-r-wheel-bearing-hub-assembly-for-hyundai-elantra-kia-forte-512492"
KIA,FORTE5,2014,EX Hatchback 4-Door,"rear-l-or-r-wheel-bearing-hub-assembly-for-hyundai-elantra-kia-forte-512492"
KIA,FORTE5,2014,SX Hatchback 4-Door,"rear-l-or-r-wheel-bearing-hub-assembly-for-hyundai-elantra-kia-forte-512492"
KIA,FORTE KOUP,2014,EX Coupe 2-Door,"rear-l-or-r-wheel-bearing-hub-assembly-for-hyundai-elantra-kia-forte-512492"
KIA,FORTE KOUP,2014,SX Coupe 2-Door,"rear-l-or-r-wheel-bearing-hub-assembly-for-hyundai-elantra-kia-forte-512492"
KIA,FORTE KOUP,2014,SX Luxury Coupe 2-Door,"rear-l-or-r-wheel-bearing-hub-assembly-for-hyundai-elantra-kia-forte-512492"
HYUNDAI,ELANTRA,2013,GLS Sedan 4-Door,"rear-l-or-r-wheel-bearing-hub-assembly-for-hyundai-elantra-kia-forte-512492"
HYUNDAI,ELANTRA,2013,GL Sedan 4-Door,"rear-l-or-r-wheel-bearing-hub-assembly-for-hyundai-elantra-kia-forte-512492"
HYUNDAI,ELANTRA,2013,L Sedan 4-Door,"rear-l-or-r-wheel-bearing-hub-assembly-for-hyundai-elantra-kia-forte-512492"
HYUNDAI,ELANTRA,2013,Limited Sedan 4-Door,"rear-l-or-r-wheel-bearing-hub-assembly-for-hyundai-elantra-kia-forte-512492"
HYUNDAI,ELANTRA COUPE,2013,GLS Coupe 2-Door,"rear-l-or-r-wheel-bearing-hub-assembly-for-hyundai-elantra-kia-forte-512492"
HYUNDAI,ELANTRA COUPE,2013,GS Coupe 2-Door,"rear-l-or-r-wheel-bearing-hub-assembly-for-hyundai-elantra-kia-forte-512492"
HYUNDAI,ELANTRA COUPE,2013,SE Coupe 2-Door,"rear-l-or-r-wheel-bearing-hub-assembly-for-hyundai-elantra-kia-forte-512492"
HYUNDAI,ELANTRA GT,2013,Base Hatchback 4-Door,"rear-l-or-r-wheel-bearing-hub-assembly-for-hyundai-elantra-kia-forte-512492"
HYUNDAI,ELANTRA GT,2013,GL Hatchback 4-Door,"rear-l-or-r-wheel-bearing-hub-assembly-for-hyundai-elantra-kia-forte-512492"
HYUNDAI,ELANTRA GT,2013,GLS Hatchback 4-Door,"rear-l-or-r-wheel-bearing-hub-assembly-for-hyundai-elantra-kia-forte-512492"
HYUNDAI,ELANTRA GT,2013,SE Hatchback 4-Door,"rear-l-or-r-wheel-bearing-hub-assembly-for-hyundai-elantra-kia-forte-512492"
HYUNDAI,ELANTRA,2012,GLS Sedan 4-Door,"rear-l-or-r-wheel-bearing-hub-assembly-for-hyundai-elantra-kia-forte-512492"
HYUNDAI,ELANTRA,2012,GL Sedan 4-Door,"rear-l-or-r-wheel-bearing-hub-assembly-for-hyundai-elantra-kia-forte-512492"
HYUNDAI,ELANTRA,2012,L Sedan 4-Door,"rear-l-or-r-wheel-bearing-hub-assembly-for-hyundai-elantra-kia-forte-512492"
HYUNDAI,ELANTRA,2012,Limited Sedan 4-Door,"rear-l-or-r-wheel-bearing-hub-assembly-for-hyundai-elantra-kia-forte-512492"
HYUNDAI,ELANTRA,2012,Touring GL Hatchback 4-Door,"rear-l-or-r-wheel-bearing-hub-assembly-for-hyundai-elantra-kia-forte-512492"
HYUNDAI,ELANTRA,2012,Touring GLS Hatchback 4-Door,"rear-l-or-r-wheel-bearing-hub-assembly-for-hyundai-elantra-kia-forte-512492"
HYUNDAI,ELANTRA,2012,Touring L Hatchback 4-Door,"rear-l-or-r-wheel-bearing-hub-assembly-for-hyundai-elantra-kia-forte-512492"
HYUNDAI,ELANTRA,2012,Touring SE Hatchback 4-Door,"rear-l-or-r-wheel-bearing-hub-assembly-for-hyundai-elantra-kia-forte-512492"
HYUNDAI,ELANTRA,2011,GLS Sedan 4-Door,"rear-l-or-r-wheel-bearing-hub-assembly-for-hyundai-elantra-kia-forte-512492"
HYUNDAI,ELANTRA,2011,GL Sedan 4-Door,"rear-l-or-r-wheel-bearing-hub-assembly-for-hyundai-elantra-kia-forte-512492"
HYUNDAI,ELANTRA,2011,L Sedan 4-Door,"rear-l-or-r-wheel-bearing-hub-assembly-for-hyundai-elantra-kia-forte-512492"
HYUNDAI,ELANTRA,2011,Limited Sedan 4-Door,"rear-l-or-r-wheel-bearing-hub-assembly-for-hyundai-elantra-kia-forte-512492"
HYUNDAI,ELANTRA,2011,Touring GL Hatchback 4-Door,"rear-l-or-r-wheel-bearing-hub-assembly-for-hyundai-elantra-kia-forte-512492"
HYUNDAI,ELANTRA,2011,Touring GLS Hatchback 4-Door,"rear-l-or-r-wheel-bearing-hub-assembly-for-hyundai-elantra-kia-forte-512492"
HYUNDAI,ELANTRA,2011,Touring L Hatchback 4-Door,"rear-l-or-r-wheel-bearing-hub-assembly-for-hyundai-elantra-kia-forte-512492"
HYUNDAI,ELANTRA,2011,Touring SE Hatchback 4-Door,"rear-l-or-r-wheel-bearing-hub-assembly-for-hyundai-elantra-kia-forte-512492"
KIA,SOUL,2019,Base Hatchback 4-Door,"rear-wheel-bearing-hub-assembly-for-2014-2015-2016-2017-2018-2019-kia-soul-ev"
KIA,SOUL,2019,EX Hatchback 4-Door,"rear-wheel-bearing-hub-assembly-for-2014-2015-2016-2017-2018-2019-kia-soul-ev"
KIA,SOUL,2019,EX Pack Hatchback 4-Door,"rear-wheel-bearing-hub-assembly-for-2014-2015-2016-2017-2018-2019-kia-soul-ev"
KIA,SOUL,2019,Exclaim Hatchback 4-Door,"rear-wheel-bearing-hub-assembly-for-2014-2015-2016-2017-2018-2019-kia-soul-ev"
KIA,SOUL,2019,LX Hatchback 4-Door,"rear-wheel-bearing-hub-assembly-for-2014-2015-2016-2017-2018-2019-kia-soul-ev"
KIA,SOUL,2019,Plus Hatchback 4-Door,"rear-wheel-bearing-hub-assembly-for-2014-2015-2016-2017-2018-2019-kia-soul-ev"
KIA,SOUL,2019,SX Hatchback 4-Door,"rear-wheel-bearing-hub-assembly-for-2014-2015-2016-2017-2018-2019-kia-soul-ev"
KIA,SOUL EV,2019,Base Hatchback 4-Door,"rear-wheel-bearing-hub-assembly-for-2014-2015-2016-2017-2018-2019-kia-soul-ev"
KIA,SOUL EV,2019,Luxury Hatchback 4-Door,"rear-wheel-bearing-hub-assembly-for-2014-2015-2016-2017-2018-2019-kia-soul-ev"
KIA,SOUL EV,2019,Plus Hatchback 4-Door,"rear-wheel-bearing-hub-assembly-for-2014-2015-2016-2017-2018-2019-kia-soul-ev"
KIA,SOUL,2018,Base Hatchback 4-Door,"rear-wheel-bearing-hub-assembly-for-2014-2015-2016-2017-2018-2019-kia-soul-ev"
KIA,SOUL,2018,EX Hatchback 4-Door,"rear-wheel-bearing-hub-assembly-for-2014-2015-2016-2017-2018-2019-kia-soul-ev"
KIA,SOUL,2018,EX Pack Hatchback 4-Door,"rear-wheel-bearing-hub-assembly-for-2014-2015-2016-2017-2018-2019-kia-soul-ev"
KIA,SOUL,2018,Exclaim Hatchback 4-Door,"rear-wheel-bearing-hub-assembly-for-2014-2015-2016-2017-2018-2019-kia-soul-ev"
KIA,SOUL,2018,LX Hatchback 4-Door,"rear-wheel-bearing-hub-assembly-for-2014-2015-2016-2017-2018-2019-kia-soul-ev"
KIA,SOUL,2018,Plus Hatchback 4-Door,"rear-wheel-bearing-hub-assembly-for-2014-2015-2016-2017-2018-2019-kia-soul-ev"
KIA,SOUL,2018,SX Hatchback 4-Door,"rear-wheel-bearing-hub-assembly-for-2014-2015-2016-2017-2018-2019-kia-soul-ev"
KIA,SOUL,2018,SXL Hatchback 4-Door,"rear-wheel-bearing-hub-assembly-for-2014-2015-2016-2017-2018-2019-kia-soul-ev"
KIA,SOUL EV,2018,Base Hatchback 4-Door,"rear-wheel-bearing-hub-assembly-for-2014-2015-2016-2017-2018-2019-kia-soul-ev"
KIA,SOUL EV,2018,E Hatchback 4-Door,"rear-wheel-bearing-hub-assembly-for-2014-2015-2016-2017-2018-2019-kia-soul-ev"
KIA,SOUL EV,2018,Luxury Hatchback 4-Door,"rear-wheel-bearing-hub-assembly-for-2014-2015-2016-2017-2018-2019-kia-soul-ev"
KIA,SOUL EV,2018,Plus Hatchback 4-Door,"rear-wheel-bearing-hub-assembly-for-2014-2015-2016-2017-2018-2019-kia-soul-ev"
KIA,SOUL,2017,Base Hatchback 4-Door,"rear-wheel-bearing-hub-assembly-for-2014-2015-2016-2017-2018-2019-kia-soul-ev"
KIA,SOUL,2017,EX Hatchback 4-Door,"rear-wheel-bearing-hub-assembly-for-2014-2015-2016-2017-2018-2019-kia-soul-ev"
KIA,SOUL,2017,Exclaim Hatchback 4-Door,"rear-wheel-bearing-hub-assembly-for-2014-2015-2016-2017-2018-2019-kia-soul-ev"
KIA,SOUL,2017,LX Hatchback 4-Door,"rear-wheel-bearing-hub-assembly-for-2014-2015-2016-2017-2018-2019-kia-soul-ev"
KIA,SOUL,2017,Plus Hatchback 4-Door,"rear-wheel-bearing-hub-assembly-for-2014-2015-2016-2017-2018-2019-kia-soul-ev"
KIA,SOUL,2017,SX Hatchback 4-Door,"rear-wheel-bearing-hub-assembly-for-2014-2015-2016-2017-2018-2019-kia-soul-ev"
KIA,SOUL EV,2017,Base Hatchback 4-Door,"rear-wheel-bearing-hub-assembly-for-2014-2015-2016-2017-2018-2019-kia-soul-ev"
KIA,SOUL EV,2017,E Hatchback 4-Door,"rear-wheel-bearing-hub-assembly-for-2014-2015-2016-2017-2018-2019-kia-soul-ev"
KIA,SOUL EV,2017,Luxury Hatchback 4-Door,"rear-wheel-bearing-hub-assembly-for-2014-2015-2016-2017-2018-2019-kia-soul-ev"
KIA,SOUL EV,2017,Plus Hatchback 4-Door,"rear-wheel-bearing-hub-assembly-for-2014-2015-2016-2017-2018-2019-kia-soul-ev"
KIA,SOUL,2016,Base Hatchback 4-Door,"rear-wheel-bearing-hub-assembly-for-2014-2015-2016-2017-2018-2019-kia-soul-ev"
KIA,SOUL,2016,EX Hatchback 4-Door,"rear-wheel-bearing-hub-assembly-for-2014-2015-2016-2017-2018-2019-kia-soul-ev"
KIA,SOUL,2016,Exclaim Hatchback 4-Door,"rear-wheel-bearing-hub-assembly-for-2014-2015-2016-2017-2018-2019-kia-soul-ev"
KIA,SOUL,2016,LX Hatchback 4-Door,"rear-wheel-bearing-hub-assembly-for-2014-2015-2016-2017-2018-2019-kia-soul-ev"
KIA,SOUL,2016,Plus Hatchback 4-Door,"rear-wheel-bearing-hub-assembly-for-2014-2015-2016-2017-2018-2019-kia-soul-ev"
KIA,SOUL,2016,SX Hatchback 4-Door,"rear-wheel-bearing-hub-assembly-for-2014-2015-2016-2017-2018-2019-kia-soul-ev"
KIA,SOUL EV,2016,Base Hatchback 4-Door,"rear-wheel-bearing-hub-assembly-for-2014-2015-2016-2017-2018-2019-kia-soul-ev"
KIA,SOUL EV,2016,E Hatchback 4-Door,"rear-wheel-bearing-hub-assembly-for-2014-2015-2016-2017-2018-2019-kia-soul-ev"
KIA,SOUL EV,2016,Luxury Hatchback 4-Door,"rear-wheel-bearing-hub-assembly-for-2014-2015-2016-2017-2018-2019-kia-soul-ev"
KIA,SOUL EV,2016,Plus Hatchback 4-Door,"rear-wheel-bearing-hub-assembly-for-2014-2015-2016-2017-2018-2019-kia-soul-ev"
KIA,SOUL,2015,Base Hatchback 4-Door,"rear-wheel-bearing-hub-assembly-for-2014-2015-2016-2017-2018-2019-kia-soul-ev"
KIA,SOUL,2015,EX Hatchback 4-Door,"rear-wheel-bearing-hub-assembly-for-2014-2015-2016-2017-2018-2019-kia-soul-ev"
KIA,SOUL,2015,Exclaim Hatchback 4-Door,"rear-wheel-bearing-hub-assembly-for-2014-2015-2016-2017-2018-2019-kia-soul-ev"
KIA,SOUL,2015,LX Hatchback 4-Door,"rear-wheel-bearing-hub-assembly-for-2014-2015-2016-2017-2018-2019-kia-soul-ev"
KIA,SOUL,2015,Plus Hatchback 4-Door,"rear-wheel-bearing-hub-assembly-for-2014-2015-2016-2017-2018-2019-kia-soul-ev"
KIA,SOUL,2015,SX Hatchback 4-Door,"rear-wheel-bearing-hub-assembly-for-2014-2015-2016-2017-2018-2019-kia-soul-ev"
KIA,SOUL EV,2015,Base Hatchback 4-Door,"rear-wheel-bearing-hub-assembly-for-2014-2015-2016-2017-2018-2019-kia-soul-ev"
KIA,SOUL EV,2015,Luxury Hatchback 4-Door,"rear-wheel-bearing-hub-assembly-for-2014-2015-2016-2017-2018-2019-kia-soul-ev"
KIA,SOUL EV,2015,Plus Hatchback 4-Door,"rear-wheel-bearing-hub-assembly-for-2014-2015-2016-2017-2018-2019-kia-soul-ev"
KIA,SOUL,2014,Base Hatchback 4-Door,"rear-wheel-bearing-hub-assembly-for-2014-2015-2016-2017-2018-2019-kia-soul-ev"
KIA,SOUL,2014,EX Hatchback 4-Door,"rear-wheel-bearing-hub-assembly-for-2014-2015-2016-2017-2018-2019-kia-soul-ev"
KIA,SOUL,2014,Exclaim Hatchback 4-Door,"rear-wheel-bearing-hub-assembly-for-2014-2015-2016-2017-2018-2019-kia-soul-ev"
KIA,SOUL,2014,LX Hatchback 4-Door,"rear-wheel-bearing-hub-assembly-for-2014-2015-2016-2017-2018-2019-kia-soul-ev"
KIA,SOUL,2014,Plus Hatchback 4-Door,"rear-wheel-bearing-hub-assembly-for-2014-2015-2016-2017-2018-2019-kia-soul-ev"
KIA,SOUL,2014,SX Hatchback 4-Door,"rear-wheel-bearing-hub-assembly-for-2014-2015-2016-2017-2018-2019-kia-soul-ev"
HONDA,ACCORD,2023,Petrol Saloon,"rear-wheel-bearing-hub-assembly-for-honda-accord-mk9-2012-klt-hd-085ab"
HONDA,ACCORD,2022,Petrol Saloon,"rear-wheel-bearing-hub-assembly-for-honda-accord-mk9-2012-klt-hd-085ab"
HONDA,ACCORD,2021,Petrol Saloon,"rear-wheel-bearing-hub-assembly-for-honda-accord-mk9-2012-klt-hd-085ab"
HONDA,ACCORD,2020,Petrol Saloon,"rear-wheel-bearing-hub-assembly-for-honda-accord-mk9-2012-klt-hd-085ab"
HONDA,ACCORD,2019,Petrol Saloon,"rear-wheel-bearing-hub-assembly-for-honda-accord-mk9-2012-klt-hd-085ab"
HONDA,ACCORD,2018,Petrol Saloon,"rear-wheel-bearing-hub-assembly-for-honda-accord-mk9-2012-klt-hd-085ab"
HONDA,ACCORD,2017,Petrol Saloon,"rear-wheel-bearing-hub-assembly-for-honda-accord-mk9-2012-klt-hd-085ab"
HONDA,ACCORD,2016,Petrol Saloon,"rear-wheel-bearing-hub-assembly-for-honda-accord-mk9-2012-klt-hd-085ab"
HONDA,ACCORD,2015,Petrol Saloon,"rear-wheel-bearing-hub-assembly-for-honda-accord-mk9-2012-klt-hd-085ab"
HONDA,ACCORD,2014,Petrol Saloon,"rear-wheel-bearing-hub-assembly-for-honda-accord-mk9-2012-klt-hd-085ab"
HONDA,ACCORD,2013,Petrol Saloon,"rear-wheel-bearing-hub-assembly-for-honda-accord-mk9-2012-klt-hd-085ab"
HONDA,ACCORD,2012,Petrol Saloon,"rear-wheel-bearing-hub-assembly-for-honda-accord-mk9-2012-klt-hd-085ab"
HONDA,CIVIC,2022,Diesel Hatch,"rear-wheel-bearing-hub-assembly-for-honda-civic-mk10-2016-2022-klt-hd-083a"
HONDA,CIVIC,2022,Diesel Saloon,"rear-wheel-bearing-hub-assembly-for-honda-civic-mk10-2016-2022-klt-hd-083a"
HONDA,CIVIC,2022,Petrol Hatch,"rear-wheel-bearing-hub-assembly-for-honda-civic-mk10-2016-2022-klt-hd-083a,rear-wheel-bearing-hub-assembly-for-honda-civic-mk10-2016-2022-klt-hd-083a,rear-wheel-bearing-hub-assembly-for-honda-civic-mk10-2016-2022-klt-hd-083a,rear-wheel-bearing-hub-assembly-for-honda-civic-mk10-2016-2022-klt-hd-083a"
HONDA,CIVIC,2022,Petrol Saloon,"rear-wheel-bearing-hub-assembly-for-honda-civic-mk10-2016-2022-klt-hd-083a,rear-wheel-bearing-hub-assembly-for-honda-civic-mk10-2016-2022-klt-hd-083a,rear-wheel-bearing-hub-assembly-for-honda-civic-mk10-2016-2022-klt-hd-083a"
HONDA,CIVIC,2021,Diesel Hatch,"rear-wheel-bearing-hub-assembly-for-honda-civic-mk10-2016-2022-klt-hd-083a"
HONDA,CIVIC,2021,Diesel Saloon,"rear-wheel-bearing-hub-assembly-for-honda-civic-mk10-2016-2022-klt-hd-083a"
HONDA,CIVIC,2021,Petrol Hatch,"rear-wheel-bearing-hub-assembly-for-honda-civic-mk10-2016-2022-klt-hd-083a,rear-wheel-bearing-hub-assembly-for-honda-civic-mk10-2016-2022-klt-hd-083a,rear-wheel-bearing-hub-assembly-for-honda-civic-mk10-2016-2022-klt-hd-083a,rear-wheel-bearing-hub-assembly-for-honda-civic-mk10-2016-2022-klt-hd-083a"
HONDA,CIVIC,2021,Petrol Saloon,"rear-wheel-bearing-hub-assembly-for-honda-civic-mk10-2016-2022-klt-hd-083a,rear-wheel-bearing-hub-assembly-for-honda-civic-mk10-2016-2022-klt-hd-083a,rear-wheel-bearing-hub-assembly-for-honda-civic-mk10-2016-2022-klt-hd-083a"
HONDA,CIVIC,2020,Diesel Hatch,"rear-wheel-bearing-hub-assembly-for-honda-civic-mk10-2016-2022-klt-hd-083a"
HONDA,CIVIC,2020,Diesel Saloon,"rear-wheel-bearing-hub-assembly-for-honda-civic-mk10-2016-2022-klt-hd-083a"
HONDA,CIVIC,2020,Petrol Hatch,"rear-wheel-bearing-hub-assembly-for-honda-civic-mk10-2016-2022-klt-hd-083a,rear-wheel-bearing-hub-assembly-for-honda-civic-mk10-2016-2022-klt-hd-083a,rear-wheel-bearing-hub-assembly-for-honda-civic-mk10-2016-2022-klt-hd-083a,rear-wheel-bearing-hub-assembly-for-honda-civic-mk10-2016-2022-klt-hd-083a"
HONDA,CIVIC,2020,Petrol Saloon,"rear-wheel-bearing-hub-assembly-for-honda-civic-mk10-2016-2022-klt-hd-083a,rear-wheel-bearing-hub-assembly-for-honda-civic-mk10-2016-2022-klt-hd-083a,rear-wheel-bearing-hub-assembly-for-honda-civic-mk10-2016-2022-klt-hd-083a"
HONDA,CIVIC,2019,Diesel Hatch,"rear-wheel-bearing-hub-assembly-for-honda-civic-mk10-2016-2022-klt-hd-083a"
HONDA,CIVIC,2019,Diesel Saloon,"rear-wheel-bearing-hub-assembly-for-honda-civic-mk10-2016-2022-klt-hd-083a"
HONDA,CIVIC,2019,Petrol Hatch,"rear-wheel-bearing-hub-assembly-for-honda-civic-mk10-2016-2022-klt-hd-083a,rear-wheel-bearing-hub-assembly-for-honda-civic-mk10-2016-2022-klt-hd-083a,rear-wheel-bearing-hub-assembly-for-honda-civic-mk10-2016-2022-klt-hd-083a,rear-wheel-bearing-hub-assembly-for-honda-civic-mk10-2016-2022-klt-hd-083a"
HONDA,CIVIC,2019,Petrol Saloon,"rear-wheel-bearing-hub-assembly-for-honda-civic-mk10-2016-2022-klt-hd-083a,rear-wheel-bearing-hub-assembly-for-honda-civic-mk10-2016-2022-klt-hd-083a,rear-wheel-bearing-hub-assembly-for-honda-civic-mk10-2016-2022-klt-hd-083a"
HONDA,CIVIC,2018,Diesel Hatch,"rear-wheel-bearing-hub-assembly-for-honda-civic-mk10-2016-2022-klt-hd-083a"
HONDA,CIVIC,2018,Diesel Saloon,"rear-wheel-bearing-hub-assembly-for-honda-civic-mk10-2016-2022-klt-hd-083a"
HONDA,CIVIC,2018,Petrol Hatch,"rear-wheel-bearing-hub-assembly-for-honda-civic-mk10-2016-2022-klt-hd-083a,rear-wheel-bearing-hub-assembly-for-honda-civic-mk10-2016-2022-klt-hd-083a,rear-wheel-bearing-hub-assembly-for-honda-civic-mk10-2016-2022-klt-hd-083a,rear-wheel-bearing-hub-assembly-for-honda-civic-mk10-2016-2022-klt-hd-083a"
HONDA,CIVIC,2018,Petrol Saloon,"rear-wheel-bearing-hub-assembly-for-honda-civic-mk10-2016-2022-klt-hd-083a,rear-wheel-bearing-hub-assembly-for-honda-civic-mk10-2016-2022-klt-hd-083a,rear-wheel-bearing-hub-assembly-for-honda-civic-mk10-2016-2022-klt-hd-083a"
HONDA,CIVIC,2017,Petrol Hatch,"rear-wheel-bearing-hub-assembly-for-honda-civic-mk10-2016-2022-klt-hd-083a,rear-wheel-bearing-hub-assembly-for-honda-civic-mk10-2016-2022-klt-hd-083a,rear-wheel-bearing-hub-assembly-for-honda-civic-mk10-2016-2022-klt-hd-083a"
HONDA,CIVIC,2017,Petrol Saloon,"rear-wheel-bearing-hub-assembly-for-honda-civic-mk10-2016-2022-klt-hd-083a,rear-wheel-bearing-hub-assembly-for-honda-civic-mk10-2016-2022-klt-hd-083a"
HONDA,CIVIC,2016,Petrol Saloon,"rear-wheel-bearing-hub-assembly-for-honda-civic-mk10-2016-2022-klt-hd-083a,rear-wheel-bearing-hub-assembly-for-honda-civic-mk10-2016-2022-klt-hd-083a"
NISSAN,PATROL,2023,Petrol Off-Road Vehicle,"2-x-rear-wheel-bearing-hub-assembly-for-nissan-patrol-2010-klt-ns-504ab,2-x-rear-wheel-bearing-hub-assembly-for-nissan-patrol-2010-klt-ns-504ab,2-x-rear-wheel-bearing-hub-assembly-for-nissan-patrol-2010-klt-ns-504ab,control-arm-trailing-arm-bush-for-infiniti-nissan-febest-nab-337,control-arm-trailing-arm-bush-for-infiniti-nissan-febest-nab-337,control-arm-trailing-arm-bush-for-infiniti-nissan-febest-nab-337,control-arm-trailing-arm-bush-for-infiniti-nissan-febest-nab-337,control-arm-trailing-arm-bush-for-infiniti-nissan-febest-nab-337,front-wheel-bearing-hub-assembly-for-nissan-patrol-5-6-2010-klp-ns-175ab,front-wheel-bearing-hub-assembly-for-nissan-patrol-5-6-2010-klp-ns-175ab,front-wheel-bearing-hub-assembly-for-nissan-patrol-5-6-2010-klp-ns-175ab"
NISSAN,PATROL,2022,Petrol Off-Road Vehicle,"2-x-rear-wheel-bearing-hub-assembly-for-nissan-patrol-2010-klt-ns-504ab,2-x-rear-wheel-bearing-hub-assembly-for-nissan-patrol-2010-klt-ns-504ab,2-x-rear-wheel-bearing-hub-assembly-for-nissan-patrol-2010-klt-ns-504ab,control-arm-trailing-arm-bush-for-infiniti-nissan-febest-nab-337,control-arm-trailing-arm-bush-for-infiniti-nissan-febest-nab-337,control-arm-trailing-arm-bush-for-infiniti-nissan-febest-nab-337,control-arm-trailing-arm-bush-for-infiniti-nissan-febest-nab-337,control-arm-trailing-arm-bush-for-infiniti-nissan-febest-nab-337,front-wheel-bearing-hub-assembly-for-nissan-patrol-5-6-2010-klp-ns-175ab,front-wheel-bearing-hub-assembly-for-nissan-patrol-5-6-2010-klp-ns-175ab,front-wheel-bearing-hub-assembly-for-nissan-patrol-5-6-2010-klp-ns-175ab"
NISSAN,PATROL,2021,Petrol Off-Road Vehicle,"2-x-rear-wheel-bearing-hub-assembly-for-nissan-patrol-2010-klt-ns-504ab,2-x-rear-wheel-bearing-hub-assembly-for-nissan-patrol-2010-klt-ns-504ab,2-x-rear-wheel-bearing-hub-assembly-for-nissan-patrol-2010-klt-ns-504ab,control-arm-trailing-arm-bush-for-infiniti-nissan-febest-nab-337,control-arm-trailing-arm-bush-for-infiniti-nissan-febest-nab-337,control-arm-trailing-arm-bush-for-infiniti-nissan-febest-nab-337,control-arm-trailing-arm-bush-for-infiniti-nissan-febest-nab-337,control-arm-trailing-arm-bush-for-infiniti-nissan-febest-nab-337,front-wheel-bearing-hub-assembly-for-nissan-patrol-5-6-2010-klp-ns-175ab,front-wheel-bearing-hub-assembly-for-nissan-patrol-5-6-2010-klp-ns-175ab,front-wheel-bearing-hub-assembly-for-nissan-patrol-5-6-2010-klp-ns-175ab"
NISSAN,PATROL,2020,Petrol Off-Road Vehicle,"2-x-rear-wheel-bearing-hub-assembly-for-nissan-patrol-2010-klt-ns-504ab,2-x-rear-wheel-bearing-hub-assembly-for-nissan-patrol-2010-klt-ns-504ab,2-x-rear-wheel-bearing-hub-assembly-for-nissan-patrol-2010-klt-ns-504ab,control-arm-trailing-arm-bush-for-infiniti-nissan-febest-nab-337,control-arm-trailing-arm-bush-for-infiniti-nissan-febest-nab-337,control-arm-trailing-arm-bush-for-infiniti-nissan-febest-nab-337,control-arm-trailing-arm-bush-for-infiniti-nissan-febest-nab-337,control-arm-trailing-arm-bush-for-infiniti-nissan-febest-nab-337,front-wheel-bearing-hub-assembly-for-nissan-patrol-5-6-2010-klp-ns-175ab,front-wheel-bearing-hub-assembly-for-nissan-patrol-5-6-2010-klp-ns-175ab,front-wheel-bearing-hub-assembly-for-nissan-patrol-5-6-2010-klp-ns-175ab"
NISSAN,PATROL,2019,Petrol Off-Road Vehicle,"2-x-rear-wheel-bearing-hub-assembly-for-nissan-patrol-2010-klt-ns-504ab,2-x-rear-wheel-bearing-hub-assembly-for-nissan-patrol-2010-klt-ns-504ab,2-x-rear-wheel-bearing-hub-assembly-for-nissan-patrol-2010-klt-ns-504ab,control-arm-trailing-arm-bush-for-infiniti-nissan-febest-nab-337,control-arm-trailing-arm-bush-for-infiniti-nissan-febest-nab-337,control-arm-trailing-arm-bush-for-infiniti-nissan-febest-nab-337,control-arm-trailing-arm-bush-for-infiniti-nissan-febest-nab-337,control-arm-trailing-arm-bush-for-infiniti-nissan-febest-nab-337,front-wheel-bearing-hub-assembly-for-nissan-patrol-5-6-2010-klp-ns-175ab,front-wheel-bearing-hub-assembly-for-nissan-patrol-5-6-2010-klp-ns-175ab,front-wheel-bearing-hub-assembly-for-nissan-patrol-5-6-2010-klp-ns-175ab"
NISSAN,PATROL,2018,Petrol Off-Road Vehicle,"2-x-rear-wheel-bearing-hub-assembly-for-nissan-patrol-2010-klt-ns-504ab,2-x-rear-wheel-bearing-hub-assembly-for-nissan-patrol-2010-klt-ns-504ab,2-x-rear-wheel-bearing-hub-assembly-for-nissan-patrol-2010-klt-ns-504ab,control-arm-trailing-arm-bush-for-infiniti-nissan-febest-nab-337,control-arm-trailing-arm-bush-for-infiniti-nissan-febest-nab-337,control-arm-trailing-arm-bush-for-infiniti-nissan-febest-nab-337,control-arm-trailing-arm-bush-for-infiniti-nissan-febest-nab-337,control-arm-trailing-arm-bush-for-infiniti-nissan-febest-nab-337,front-wheel-bearing-hub-assembly-for-nissan-patrol-5-6-2010-klp-ns-175ab,front-wheel-bearing-hub-assembly-for-nissan-patrol-5-6-2010-klp-ns-175ab,front-wheel-bearing-hub-assembly-for-nissan-patrol-5-6-2010-klp-ns-175ab"
NISSAN,PATROL,2017,Petrol Off-Road Vehicle,"2-x-rear-wheel-bearing-hub-assembly-for-nissan-patrol-2010-klt-ns-504ab,2-x-rear-wheel-bearing-hub-assembly-for-nissan-patrol-2010-klt-ns-504ab,2-x-rear-wheel-bearing-hub-assembly-for-nissan-patrol-2010-klt-ns-504ab,control-arm-trailing-arm-bush-for-infiniti-nissan-febest-nab-337,control-arm-trailing-arm-bush-for-infiniti-nissan-febest-nab-337,control-arm-trailing-arm-bush-for-infiniti-nissan-febest-nab-337,control-arm-trailing-arm-bush-for-infiniti-nissan-febest-nab-337,control-arm-trailing-arm-bush-for-infiniti-nissan-febest-nab-337,front-wheel-bearing-hub-assembly-for-nissan-patrol-5-6-2010-klp-ns-175ab,front-wheel-bearing-hub-assembly-for-nissan-patrol-5-6-2010-klp-ns-175ab,front-wheel-bearing-hub-assembly-for-nissan-patrol-5-6-2010-klp-ns-175ab"
NISSAN,PATROL,2016,Petrol Off-Road Vehicle,"2-x-rear-wheel-bearing-hub-assembly-for-nissan-patrol-2010-klt-ns-504ab,2-x-rear-wheel-bearing-hub-assembly-for-nissan-patrol-2010-klt-ns-504ab,2-x-rear-wheel-bearing-hub-assembly-for-nissan-patrol-2010-klt-ns-504ab,control-arm-trailing-arm-bush-for-infiniti-nissan-febest-nab-337,control-arm-trailing-arm-bush-for-infiniti-nissan-febest-nab-337,control-arm-trailing-arm-bush-for-infiniti-nissan-febest-nab-337,control-arm-trailing-arm-bush-for-infiniti-nissan-febest-nab-337,control-arm-trailing-arm-bush-for-infiniti-nissan-febest-nab-337,front-wheel-bearing-hub-assembly-for-nissan-patrol-5-6-2010-klp-ns-175ab,front-wheel-bearing-hub-assembly-for-nissan-patrol-5-6-2010-klp-ns-175ab,front-wheel-bearing-hub-assembly-for-nissan-patrol-5-6-2010-klp-ns-175ab"
NISSAN,PATROL,2015,Petrol Off-Road Vehicle,"2-x-rear-wheel-bearing-hub-assembly-for-nissan-patrol-2010-klt-ns-504ab,2-x-rear-wheel-bearing-hub-assembly-for-nissan-patrol-2010-klt-ns-504ab,2-x-rear-wheel-bearing-hub-assembly-for-nissan-patrol-2010-klt-ns-504ab,control-arm-trailing-arm-bush-for-infiniti-nissan-febest-nab-337,control-arm-trailing-arm-bush-for-infiniti-nissan-febest-nab-337,control-arm-trailing-arm-bush-for-infiniti-nissan-febest-nab-337,control-arm-trailing-arm-bush-for-infiniti-nissan-febest-nab-337,front-wheel-bearing-hub-assembly-for-nissan-patrol-5-6-2010-klp-ns-175ab,front-wheel-bearing-hub-assembly-for-nissan-patrol-5-6-2010-klp-ns-175ab,front-wheel-bearing-hub-assembly-for-nissan-patrol-5-6-2010-klp-ns-175ab"
NISSAN,PATROL,2014,Petrol Off-Road Vehicle,"2-x-rear-wheel-bearing-hub-assembly-for-nissan-patrol-2010-klt-ns-504ab,2-x-rear-wheel-bearing-hub-assembly-for-nissan-patrol-2010-klt-ns-504ab,2-x-rear-wheel-bearing-hub-assembly-for-nissan-patrol-2010-klt-ns-504ab,control-arm-trailing-arm-bush-for-infiniti-nissan-febest-nab-337,control-arm-trailing-arm-bush-for-infiniti-nissan-febest-nab-337,control-arm-trailing-arm-bush-for-infiniti-nissan-febest-nab-337,control-arm-trailing-arm-bush-for-infiniti-nissan-febest-nab-337,front-wheel-bearing-hub-assembly-for-nissan-patrol-5-6-2010-klp-ns-175ab,front-wheel-bearing-hub-assembly-for-nissan-patrol-5-6-2010-klp-ns-175ab,front-wheel-bearing-hub-assembly-for-nissan-patrol-5-6-2010-klp-ns-175ab"
NISSAN,PATROL,2013,Petrol Off-Road Vehicle,"2-x-rear-wheel-bearing-hub-assembly-for-nissan-patrol-2010-klt-ns-504ab,2-x-rear-wheel-bearing-hub-assembly-for-nissan-patrol-2010-klt-ns-504ab,2-x-rear-wheel-bearing-hub-assembly-for-nissan-patrol-2010-klt-ns-504ab,control-arm-trailing-arm-bush-for-infiniti-nissan-febest-nab-337,control-arm-trailing-arm-bush-for-infiniti-nissan-febest-nab-337,control-arm-trailing-arm-bush-for-infiniti-nissan-febest-nab-337,control-arm-trailing-arm-bush-for-infiniti-nissan-febest-nab-337,front-wheel-bearing-hub-assembly-for-nissan-patrol-5-6-2010-klp-ns-175ab,front-wheel-bearing-hub-assembly-for-nissan-patrol-5-6-2010-klp-ns-175ab,front-wheel-bearing-hub-assembly-for-nissan-patrol-5-6-2010-klp-ns-175ab"
NISSAN,PATROL,2012,Petrol Off-Road Vehicle,"2-x-rear-wheel-bearing-hub-assembly-for-nissan-patrol-2010-klt-ns-504ab,2-x-rear-wheel-bearing-hub-assembly-for-nissan-patrol-2010-klt-ns-504ab,2-x-rear-wheel-bearing-hub-assembly-for-nissan-patrol-2010-klt-ns-504ab,control-arm-trailing-arm-bush-for-infiniti-nissan-febest-nab-337,control-arm-trailing-arm-bush-for-infiniti-nissan-febest-nab-337,control-arm-trailing-arm-bush-for-infiniti-nissan-febest-nab-337,front-wheel-bearing-hub-assembly-for-nissan-patrol-5-6-2010-klp-ns-175ab,front-wheel-bearing-hub-assembly-for-nissan-patrol-5-6-2010-klp-ns-175ab,front-wheel-bearing-hub-assembly-for-nissan-patrol-5-6-2010-klp-ns-175ab"
NISSAN,PATROL,2011,Petrol Off-Road Vehicle,"2-x-rear-wheel-bearing-hub-assembly-for-nissan-patrol-2010-klt-ns-504ab,2-x-rear-wheel-bearing-hub-assembly-for-nissan-patrol-2010-klt-ns-504ab,2-x-rear-wheel-bearing-hub-assembly-for-nissan-patrol-2010-klt-ns-504ab,control-arm-trailing-arm-bush-for-infiniti-nissan-febest-nab-337,control-arm-trailing-arm-bush-for-infiniti-nissan-febest-nab-337,control-arm-trailing-arm-bush-for-infiniti-nissan-febest-nab-337,front-wheel-bearing-hub-assembly-for-nissan-patrol-5-6-2010-klp-ns-175ab,front-wheel-bearing-hub-assembly-for-nissan-patrol-5-6-2010-klp-ns-175ab,front-wheel-bearing-hub-assembly-for-nissan-patrol-5-6-2010-klp-ns-175ab"
NISSAN,PATROL,2010,Petrol Off-Road Vehicle,"2-x-rear-wheel-bearing-hub-assembly-for-nissan-patrol-2010-klt-ns-504ab,2-x-rear-wheel-bearing-hub-assembly-for-nissan-patrol-2010-klt-ns-504ab,2-x-rear-wheel-bearing-hub-assembly-for-nissan-patrol-2010-klt-ns-504ab,control-arm-trailing-arm-bush-for-infiniti-nissan-febest-nab-337,control-arm-trailing-arm-bush-for-infiniti-nissan-febest-nab-337,control-arm-trailing-arm-bush-for-infiniti-nissan-febest-nab-337,front-wheel-bearing-hub-assembly-for-nissan-patrol-5-6-2010-klp-ns-175ab,front-wheel-bearing-hub-assembly-for-nissan-patrol-5-6-2010-klp-ns-175ab,front-wheel-bearing-hub-assembly-for-nissan-patrol-5-6-2010-klp-ns-175ab"
LEXUS,LS430,2006,Base Sedan 4-Door,"rear-wheel-bearing-hub-for-2001-2002-2003-2004-2005-2006-lexus-ls430-base-4-3l,front-lower-upper-control-arm-bushing-for-lexus-ls430-460-2001-2006,front-wheel-bearing-hubs-assembly-for-2001-2002-2003-2004-2005-2006-lexus-ls430"
LEXUS,LS430,2005,Base Sedan 4-Door,"rear-wheel-bearing-hub-for-2001-2002-2003-2004-2005-2006-lexus-ls430-base-4-3l,front-lower-upper-control-arm-bushing-for-lexus-ls430-460-2001-2006,front-wheel-bearing-hubs-assembly-for-2001-2002-2003-2004-2005-2006-lexus-ls430"
LEXUS,LS430,2004,Base Sedan 4-Door,"rear-wheel-bearing-hub-for-2001-2002-2003-2004-2005-2006-lexus-ls430-base-4-3l,front-lower-upper-control-arm-bushing-for-lexus-ls430-460-2001-2006,front-wheel-bearing-hubs-assembly-for-2001-2002-2003-2004-2005-2006-lexus-ls430"
LEXUS,LS430,2003,Base Sedan 4-Door,"rear-wheel-bearing-hub-for-2001-2002-2003-2004-2005-2006-lexus-ls430-base-4-3l,front-lower-upper-control-arm-bushing-for-lexus-ls430-460-2001-2006,front-wheel-bearing-hubs-assembly-for-2001-2002-2003-2004-2005-2006-lexus-ls430"
LEXUS,LS430,2002,Base Sedan 4-Door,"rear-wheel-bearing-hub-for-2001-2002-2003-2004-2005-2006-lexus-ls430-base-4-3l,front-lower-upper-control-arm-bushing-for-lexus-ls430-460-2001-2006,front-wheel-bearing-hubs-assembly-for-2001-2002-2003-2004-2005-2006-lexus-ls430"
LEXUS,LS430,2001,Base Sedan 4-Door,"rear-wheel-bearing-hub-for-2001-2002-2003-2004-2005-2006-lexus-ls430-base-4-3l,front-lower-upper-control-arm-bushing-for-lexus-ls430-460-2001-2006,front-wheel-bearing-hubs-assembly-for-2001-2002-2003-2004-2005-2006-lexus-ls430"
DODGE,DART,2016,Aero Sedan 4-Door,"pair-2-rear-wheel-bearing-and-hub-assembly-for-2013-2014-2015-2016-dodge-dart,front-wheel-hub-and-bearings-assembly-for-2015-2016-2017-chrysler-200-dodge-dart"
DODGE,DART,2016,GT Sedan 4-Door,"pair-2-rear-wheel-bearing-and-hub-assembly-for-2013-2014-2015-2016-dodge-dart,front-wheel-hub-and-bearings-assembly-for-2015-2016-2017-chrysler-200-dodge-dart"
DODGE,DART,2016,Limited Sedan 4-Door,"pair-2-rear-wheel-bearing-and-hub-assembly-for-2013-2014-2015-2016-dodge-dart,front-wheel-hub-and-bearings-assembly-for-2015-2016-2017-chrysler-200-dodge-dart"
DODGE,DART,2016,SE Sedan 4-Door,"pair-2-rear-wheel-bearing-and-hub-assembly-for-2013-2014-2015-2016-dodge-dart,front-wheel-hub-and-bearings-assembly-for-2015-2016-2017-chrysler-200-dodge-dart"
DODGE,DART,2016,SXT Sedan 4-Door,"pair-2-rear-wheel-bearing-and-hub-assembly-for-2013-2014-2015-2016-dodge-dart,pair-2-rear-wheel-bearing-and-hub-assembly-for-2013-2014-2015-2016-dodge-dart,front-wheel-hub-and-bearings-assembly-for-2015-2016-2017-chrysler-200-dodge-dart,front-wheel-hub-and-bearings-assembly-for-2015-2016-2017-chrysler-200-dodge-dart"
DODGE,DART,2015,Aero Sedan 4-Door,"pair-2-rear-wheel-bearing-and-hub-assembly-for-2013-2014-2015-2016-dodge-dart,front-wheel-hub-and-bearings-assembly-for-2015-2016-2017-chrysler-200-dodge-dart"
DODGE,DART,2015,GT Sedan 4-Door,"pair-2-rear-wheel-bearing-and-hub-assembly-for-2013-2014-2015-2016-dodge-dart,front-wheel-hub-and-bearings-assembly-for-2015-2016-2017-chrysler-200-dodge-dart"
DODGE,DART,2015,Limited Sedan 4-Door,"pair-2-rear-wheel-bearing-and-hub-assembly-for-2013-2014-2015-2016-dodge-dart,front-wheel-hub-and-bearings-assembly-for-2015-2016-2017-chrysler-200-dodge-dart"
DODGE,DART,2015,SE Sedan 4-Door,"pair-2-rear-wheel-bearing-and-hub-assembly-for-2013-2014-2015-2016-dodge-dart,front-wheel-hub-and-bearings-assembly-for-2015-2016-2017-chrysler-200-dodge-dart"
DODGE,DART,2015,SXT Sedan 4-Door,"pair-2-rear-wheel-bearing-and-hub-assembly-for-2013-2014-2015-2016-dodge-dart,pair-2-rear-wheel-bearing-and-hub-assembly-for-2013-2014-2015-2016-dodge-dart,front-wheel-hub-and-bearings-assembly-for-2015-2016-2017-chrysler-200-dodge-dart,front-wheel-hub-and-bearings-assembly-for-2015-2016-2017-chrysler-200-dodge-dart"
DODGE,DART,2014,Aero Sedan 4-Door,"pair-2-rear-wheel-bearing-and-hub-assembly-for-2013-2014-2015-2016-dodge-dart,front-wheel-hub-and-bearings-assembly-for-2015-2016-2017-chrysler-200-dodge-dart"
DODGE,DART,2014,GT Sedan 4-Door,"pair-2-rear-wheel-bearing-and-hub-assembly-for-2013-2014-2015-2016-dodge-dart,front-wheel-hub-and-bearings-assembly-for-2015-2016-2017-chrysler-200-dodge-dart"
DODGE,DART,2014,Limited Sedan 4-Door,"pair-2-rear-wheel-bearing-and-hub-assembly-for-2013-2014-2015-2016-dodge-dart,front-wheel-hub-and-bearings-assembly-for-2015-2016-2017-chrysler-200-dodge-dart"
DODGE,DART,2014,SE Sedan 4-Door,"pair-2-rear-wheel-bearing-and-hub-assembly-for-2013-2014-2015-2016-dodge-dart,front-wheel-hub-and-bearings-assembly-for-2015-2016-2017-chrysler-200-dodge-dart"
DODGE,DART,2014,SXT Sedan 4-Door,"pair-2-rear-wheel-bearing-and-hub-assembly-for-2013-2014-2015-2016-dodge-dart,pair-2-rear-wheel-bearing-and-hub-assembly-for-2013-2014-2015-2016-dodge-dart,front-wheel-hub-and-bearings-assembly-for-2015-2016-2017-chrysler-200-dodge-dart,front-wheel-hub-and-bearings-assembly-for-2015-2016-2017-chrysler-200-dodge-dart"
DODGE,DART,2013,Aero Sedan 4-Door,"pair-2-rear-wheel-bearing-and-hub-assembly-for-2013-2014-2015-2016-dodge-dart,front-wheel-hub-and-bearings-assembly-for-2015-2016-2017-chrysler-200-dodge-dart"
DODGE,DART,2013,GT Sedan 4-Door,"pair-2-rear-wheel-bearing-and-hub-assembly-for-2013-2014-2015-2016-dodge-dart,front-wheel-hub-and-bearings-assembly-for-2015-2016-2017-chrysler-200-dodge-dart"
DODGE,DART,2013,Limited Sedan 4-Door,"pair-2-rear-wheel-bearing-and-hub-assembly-for-2013-2014-2015-2016-dodge-dart,pair-2-rear-wheel-bearing-and-hub-assembly-for-2013-2014-2015-2016-dodge-dart,front-wheel-hub-and-bearings-assembly-for-2015-2016-2017-chrysler-200-dodge-dart,front-wheel-hub-and-bearings-assembly-for-2015-2016-2017-chrysler-200-dodge-dart,front-wheel-hub-and-bearings-assembly-for-2015-2016-2017-chrysler-200-dodge-dart"
DODGE,DART,2013,R/T Sedan 4-Door,"pair-2-rear-wheel-bearing-and-hub-assembly-for-2013-2014-2015-2016-dodge-dart,front-wheel-hub-and-bearings-assembly-for-2015-2016-2017-chrysler-200-dodge-dart"
DODGE,DART,2013,Rallye Sedan 4-Door,"pair-2-rear-wheel-bearing-and-hub-assembly-for-2013-2014-2015-2016-dodge-dart,pair-2-rear-wheel-bearing-and-hub-assembly-for-2013-2014-2015-2016-dodge-dart,front-wheel-hub-and-bearings-assembly-for-2015-2016-2017-chrysler-200-dodge-dart,front-wheel-hub-and-bearings-assembly-for-2015-2016-2017-chrysler-200-dodge-dart"
DODGE,DART,2013,SE Sedan 4-Door,"pair-2-rear-wheel-bearing-and-hub-assembly-for-2013-2014-2015-2016-dodge-dart,front-wheel-hub-and-bearings-assembly-for-2015-2016-2017-chrysler-200-dodge-dart"
DODGE,DART,2013,SXT Sedan 4-Door,"pair-2-rear-wheel-bearing-and-hub-assembly-for-2013-2014-2015-2016-dodge-dart,pair-2-rear-wheel-bearing-and-hub-assembly-for-2013-2014-2015-2016-dodge-dart,front-wheel-hub-and-bearings-assembly-for-2015-2016-2017-chrysler-200-dodge-dart,front-wheel-hub-and-bearings-assembly-for-2015-2016-2017-chrysler-200-dodge-dart,front-wheel-hub-and-bearings-assembly-for-2015-2016-2017-chrysler-200-dodge-dart"
FORD,EXPLORER,2010,Eddie Bauer Sport Utility 4-Door,"rear-wheel-bearing-and-hub-assembly-for-ford-explorer-sport-trac-lincoln-aviator,rear-wheel-bearing-and-hub-assembly-for-ford-explorer-sport-trac-lincoln-aviator,front-brake-pad-for-ford-explorer-explorer-sport-trac-mercury-zd1158-2006-2010,front-brake-pad-for-ford-explorer-explorer-sport-trac-mercury-zd1158-2006-2010,front-wheel-hub-bearing-assembly-for-2006-2010-ford-explorer-mercury-mountaineer,front-wheel-hub-bearing-assembly-for-2006-2010-ford-explorer-mercury-mountaineer"
FORD,EXPLORER,2010,Limited Sport Utility 4-Door,"rear-wheel-bearing-and-hub-assembly-for-ford-explorer-sport-trac-lincoln-aviator,rear-wheel-bearing-and-hub-assembly-for-ford-explorer-sport-trac-lincoln-aviator,front-brake-pad-for-ford-explorer-explorer-sport-trac-mercury-zd1158-2006-2010,front-brake-pad-for-ford-explorer-explorer-sport-trac-mercury-zd1158-2006-2010,front-wheel-hub-bearing-assembly-for-2006-2010-ford-explorer-mercury-mountaineer,front-wheel-hub-bearing-assembly-for-2006-2010-ford-explorer-mercury-mountaineer"
FORD,EXPLORER,2010,XLT Base Sport Utility 4-Door,"rear-wheel-bearing-and-hub-assembly-for-ford-explorer-sport-trac-lincoln-aviator,front-brake-pad-for-ford-explorer-explorer-sport-trac-mercury-zd1158-2006-2010,front-wheel-hub-bearing-assembly-for-2006-2010-ford-explorer-mercury-mountaineer"
FORD,EXPLORER,2010,XLT Sport Utility 4-Door,"rear-wheel-bearing-and-hub-assembly-for-ford-explorer-sport-trac-lincoln-aviator,rear-wheel-bearing-and-hub-assembly-for-ford-explorer-sport-trac-lincoln-aviator,front-brake-pad-for-ford-explorer-explorer-sport-trac-mercury-zd1158-2006-2010,front-brake-pad-for-ford-explorer-explorer-sport-trac-mercury-zd1158-2006-2010,front-wheel-hub-bearing-assembly-for-2006-2010-ford-explorer-mercury-mountaineer,front-wheel-hub-bearing-assembly-for-2006-2010-ford-explorer-mercury-mountaineer"
FORD,EXPLORER SPORT TRAC,2010,Base Crew Cab Pickup 4-Door,"rear-wheel-bearing-and-hub-assembly-for-ford-explorer-sport-trac-lincoln-aviator,front-brake-pad-for-ford-explorer-explorer-sport-trac-mercury-zd1158-2006-2010,front-wheel-hub-bearing-assembly-for-2006-2010-ford-explorer-mercury-mountaineer"
FORD,EXPLORER SPORT TRAC,2010,Limited Crew Cab Pickup 4-Door,"rear-wheel-bearing-and-hub-assembly-for-ford-explorer-sport-trac-lincoln-aviator,rear-wheel-bearing-and-hub-assembly-for-ford-explorer-sport-trac-lincoln-aviator,front-brake-pad-for-ford-explorer-explorer-sport-trac-mercury-zd1158-2006-2010,front-brake-pad-for-ford-explorer-explorer-sport-trac-mercury-zd1158-2006-2010,front-wheel-hub-bearing-assembly-for-2006-2010-ford-explorer-mercury-mountaineer,front-wheel-hub-bearing-assembly-for-2006-2010-ford-explorer-mercury-mountaineer"
FORD,EXPLORER SPORT TRAC,2010,XLT Crew Cab Pickup 4-Door,"rear-wheel-bearing-and-hub-assembly-for-ford-explorer-sport-trac-lincoln-aviator,rear-wheel-bearing-and-hub-assembly-for-ford-explorer-sport-trac-lincoln-aviator,front-brake-pad-for-ford-explorer-explorer-sport-trac-mercury-zd1158-2006-2010,front-brake-pad-for-ford-explorer-explorer-sport-trac-mercury-zd1158-2006-2010,front-wheel-hub-bearing-assembly-for-2006-2010-ford-explorer-mercury-mountaineer,front-wheel-hub-bearing-assembly-for-2006-2010-ford-explorer-mercury-mountaineer"
MERCURY,MOUNTAINEER,2010,Base Sport Utility 4-Door,"rear-wheel-bearing-and-hub-assembly-for-ford-explorer-sport-trac-lincoln-aviator,front-brake-pad-for-ford-explorer-explorer-sport-trac-mercury-zd1158-2006-2010,front-wheel-hub-bearing-assembly-for-2006-2010-ford-explorer-mercury-mountaineer"
MERCURY,MOUNTAINEER,2010,Premier Sport Utility 4-Door,"rear-wheel-bearing-and-hub-assembly-for-ford-explorer-sport-trac-lincoln-aviator,rear-wheel-bearing-and-hub-assembly-for-ford-explorer-sport-trac-lincoln-aviator,front-brake-pad-for-ford-explorer-explorer-sport-trac-mercury-zd1158-2006-2010,front-brake-pad-for-ford-explorer-explorer-sport-trac-mercury-zd1158-2006-2010,front-wheel-hub-bearing-assembly-for-2006-2010-ford-explorer-mercury-mountaineer,front-wheel-hub-bearing-assembly-for-2006-2010-ford-explorer-mercury-mountaineer"
FORD,EXPLORER,2009,Eddie Bauer Sport Utility 4-Door,"rear-wheel-bearing-and-hub-assembly-for-ford-explorer-sport-trac-lincoln-aviator,rear-wheel-bearing-and-hub-assembly-for-ford-explorer-sport-trac-lincoln-aviator,front-brake-pad-for-ford-explorer-explorer-sport-trac-mercury-zd1158-2006-2010,front-brake-pad-for-ford-explorer-explorer-sport-trac-mercury-zd1158-2006-2010,front-wheel-hub-bearing-assembly-for-2006-2010-ford-explorer-mercury-mountaineer,front-wheel-hub-bearing-assembly-for-2006-2010-ford-explorer-mercury-mountaineer"
FORD,EXPLORER,2009,Limited Sport Utility 4-Door,"rear-wheel-bearing-and-hub-assembly-for-ford-explorer-sport-trac-lincoln-aviator,rear-wheel-bearing-and-hub-assembly-for-ford-explorer-sport-trac-lincoln-aviator,front-brake-pad-for-ford-explorer-explorer-sport-trac-mercury-zd1158-2006-2010,front-brake-pad-for-ford-explorer-explorer-sport-trac-mercury-zd1158-2006-2010,front-wheel-hub-bearing-assembly-for-2006-2010-ford-explorer-mercury-mountaineer,front-wheel-hub-bearing-assembly-for-2006-2010-ford-explorer-mercury-mountaineer"
FORD,EXPLORER,2009,XLT Sport Utility 4-Door,"rear-wheel-bearing-and-hub-assembly-for-ford-explorer-sport-trac-lincoln-aviator,rear-wheel-bearing-and-hub-assembly-for-ford-explorer-sport-trac-lincoln-aviator,front-brake-pad-for-ford-explorer-explorer-sport-trac-mercury-zd1158-2006-2010,front-brake-pad-for-ford-explorer-explorer-sport-trac-mercury-zd1158-2006-2010,front-wheel-hub-bearing-assembly-for-2006-2010-ford-explorer-mercury-mountaineer,front-wheel-hub-bearing-assembly-for-2006-2010-ford-explorer-mercury-mountaineer"
FORD,EXPLORER SPORT TRAC,2009,Base Crew Cab Pickup 4-Door,"rear-wheel-bearing-and-hub-assembly-for-ford-explorer-sport-trac-lincoln-aviator,front-brake-pad-for-ford-explorer-explorer-sport-trac-mercury-zd1158-2006-2010,front-wheel-hub-bearing-assembly-for-2006-2010-ford-explorer-mercury-mountaineer"
FORD,EXPLORER SPORT TRAC,2009,Limited Crew Cab Pickup 4-Door,"rear-wheel-bearing-and-hub-assembly-for-ford-explorer-sport-trac-lincoln-aviator,rear-wheel-bearing-and-hub-assembly-for-ford-explorer-sport-trac-lincoln-aviator,front-brake-pad-for-ford-explorer-explorer-sport-trac-mercury-zd1158-2006-2010,front-brake-pad-for-ford-explorer-explorer-sport-trac-mercury-zd1158-2006-2010,front-wheel-hub-bearing-assembly-for-2006-2010-ford-explorer-mercury-mountaineer,front-wheel-hub-bearing-assembly-for-2006-2010-ford-explorer-mercury-mountaineer"
FORD,EXPLORER SPORT TRAC,2009,XLT Crew Cab Pickup 4-Door,"rear-wheel-bearing-and-hub-assembly-for-ford-explorer-sport-trac-lincoln-aviator,rear-wheel-bearing-and-hub-assembly-for-ford-explorer-sport-trac-lincoln-aviator,front-brake-pad-for-ford-explorer-explorer-sport-trac-mercury-zd1158-2006-2010,front-brake-pad-for-ford-explorer-explorer-sport-trac-mercury-zd1158-2006-2010,front-wheel-hub-bearing-assembly-for-2006-2010-ford-explorer-mercury-mountaineer,front-wheel-hub-bearing-assembly-for-2006-2010-ford-explorer-mercury-mountaineer"
MERCURY,MOUNTAINEER,2009,Base Sport Utility 4-Door,"rear-wheel-bearing-and-hub-assembly-for-ford-explorer-sport-trac-lincoln-aviator,front-brake-pad-for-ford-explorer-explorer-sport-trac-mercury-zd1158-2006-2010,front-wheel-hub-bearing-assembly-for-2006-2010-ford-explorer-mercury-mountaineer"
MERCURY,MOUNTAINEER,2009,Premier Sport Utility 4-Door,"rear-wheel-bearing-and-hub-assembly-for-ford-explorer-sport-trac-lincoln-aviator,rear-wheel-bearing-and-hub-assembly-for-ford-explorer-sport-trac-lincoln-aviator,front-brake-pad-for-ford-explorer-explorer-sport-trac-mercury-zd1158-2006-2010,front-brake-pad-for-ford-explorer-explorer-sport-trac-mercury-zd1158-2006-2010,front-wheel-hub-bearing-assembly-for-2006-2010-ford-explorer-mercury-mountaineer,front-wheel-hub-bearing-assembly-for-2006-2010-ford-explorer-mercury-mountaineer"
FORD,EXPLORER,2008,Eddie Bauer Sport Utility 4-Door,"rear-wheel-bearing-and-hub-assembly-for-ford-explorer-sport-trac-lincoln-aviator,rear-wheel-bearing-and-hub-assembly-for-ford-explorer-sport-trac-lincoln-aviator,front-brake-pad-for-ford-explorer-explorer-sport-trac-mercury-zd1158-2006-2010,front-brake-pad-for-ford-explorer-explorer-sport-trac-mercury-zd1158-2006-2010,front-wheel-hub-bearing-assembly-for-2006-2010-ford-explorer-mercury-mountaineer,front-wheel-hub-bearing-assembly-for-2006-2010-ford-explorer-mercury-mountaineer"
FORD,EXPLORER,2008,Limited Sport Utility 4-Door,"rear-wheel-bearing-and-hub-assembly-for-ford-explorer-sport-trac-lincoln-aviator,rear-wheel-bearing-and-hub-assembly-for-ford-explorer-sport-trac-lincoln-aviator,front-brake-pad-for-ford-explorer-explorer-sport-trac-mercury-zd1158-2006-2010,front-brake-pad-for-ford-explorer-explorer-sport-trac-mercury-zd1158-2006-2010,front-wheel-hub-bearing-assembly-for-2006-2010-ford-explorer-mercury-mountaineer,front-wheel-hub-bearing-assembly-for-2006-2010-ford-explorer-mercury-mountaineer"
FORD,EXPLORER,2008,XLT Sport Utility 4-Door,"rear-wheel-bearing-and-hub-assembly-for-ford-explorer-sport-trac-lincoln-aviator,rear-wheel-bearing-and-hub-assembly-for-ford-explorer-sport-trac-lincoln-aviator,front-brake-pad-for-ford-explorer-explorer-sport-trac-mercury-zd1158-2006-2010,front-brake-pad-for-ford-explorer-explorer-sport-trac-mercury-zd1158-2006-2010,front-wheel-hub-bearing-assembly-for-2006-2010-ford-explorer-mercury-mountaineer,front-wheel-hub-bearing-assembly-for-2006-2010-ford-explorer-mercury-mountaineer"
FORD,EXPLORER SPORT TRAC,2008,Base Crew Cab Pickup 4-Door,"rear-wheel-bearing-and-hub-assembly-for-ford-explorer-sport-trac-lincoln-aviator,front-brake-pad-for-ford-explorer-explorer-sport-trac-mercury-zd1158-2006-2010,front-wheel-hub-bearing-assembly-for-2006-2010-ford-explorer-mercury-mountaineer"
FORD,EXPLORER SPORT TRAC,2008,Limited Crew Cab Pickup 4-Door,"rear-wheel-bearing-and-hub-assembly-for-ford-explorer-sport-trac-lincoln-aviator,rear-wheel-bearing-and-hub-assembly-for-ford-explorer-sport-trac-lincoln-aviator,front-brake-pad-for-ford-explorer-explorer-sport-trac-mercury-zd1158-2006-2010,front-brake-pad-for-ford-explorer-explorer-sport-trac-mercury-zd1158-2006-2010,front-wheel-hub-bearing-assembly-for-2006-2010-ford-explorer-mercury-mountaineer,front-wheel-hub-bearing-assembly-for-2006-2010-ford-explorer-mercury-mountaineer"
FORD,EXPLORER SPORT TRAC,2008,XLT Crew Cab Pickup 4-Door,"rear-wheel-bearing-and-hub-assembly-for-ford-explorer-sport-trac-lincoln-aviator,rear-wheel-bearing-and-hub-assembly-for-ford-explorer-sport-trac-lincoln-aviator,front-brake-pad-for-ford-explorer-explorer-sport-trac-mercury-zd1158-2006-2010,front-brake-pad-for-ford-explorer-explorer-sport-trac-mercury-zd1158-2006-2010,front-wheel-hub-bearing-assembly-for-2006-2010-ford-explorer-mercury-mountaineer,front-wheel-hub-bearing-assembly-for-2006-2010-ford-explorer-mercury-mountaineer"
MERCURY,MOUNTAINEER,2008,Base Sport Utility 4-Door,"rear-wheel-bearing-and-hub-assembly-for-ford-explorer-sport-trac-lincoln-aviator,front-brake-pad-for-ford-explorer-explorer-sport-trac-mercury-zd1158-2006-2010,front-wheel-hub-bearing-assembly-for-2006-2010-ford-explorer-mercury-mountaineer"
MERCURY,MOUNTAINEER,2008,Premier Sport Utility 4-Door,"rear-wheel-bearing-and-hub-assembly-for-ford-explorer-sport-trac-lincoln-aviator,rear-wheel-bearing-and-hub-assembly-for-ford-explorer-sport-trac-lincoln-aviator,front-brake-pad-for-ford-explorer-explorer-sport-trac-mercury-zd1158-2006-2010,front-brake-pad-for-ford-explorer-explorer-sport-trac-mercury-zd1158-2006-2010,front-wheel-hub-bearing-assembly-for-2006-2010-ford-explorer-mercury-mountaineer,front-wheel-hub-bearing-assembly-for-2006-2010-ford-explorer-mercury-mountaineer"
FORD,EXPLORER,2007,Eddie Bauer Sport Utility 4-Door,"rear-wheel-bearing-and-hub-assembly-for-ford-explorer-sport-trac-lincoln-aviator,rear-wheel-bearing-and-hub-assembly-for-ford-explorer-sport-trac-lincoln-aviator,front-brake-pad-for-ford-explorer-explorer-sport-trac-mercury-zd1158-2006-2010,front-brake-pad-for-ford-explorer-explorer-sport-trac-mercury-zd1158-2006-2010,front-wheel-hub-bearing-assembly-for-2006-2010-ford-explorer-mercury-mountaineer,front-wheel-hub-bearing-assembly-for-2006-2010-ford-explorer-mercury-mountaineer"
FORD,EXPLORER,2007,Limited Sport Utility 4-Door,"rear-wheel-bearing-and-hub-assembly-for-ford-explorer-sport-trac-lincoln-aviator,rear-wheel-bearing-and-hub-assembly-for-ford-explorer-sport-trac-lincoln-aviator,front-brake-pad-for-ford-explorer-explorer-sport-trac-mercury-zd1158-2006-2010,front-brake-pad-for-ford-explorer-explorer-sport-trac-mercury-zd1158-2006-2010,front-wheel-hub-bearing-assembly-for-2006-2010-ford-explorer-mercury-mountaineer,front-wheel-hub-bearing-assembly-for-2006-2010-ford-explorer-mercury-mountaineer"
FORD,EXPLORER,2007,XLT Sport Utility 4-Door,"rear-wheel-bearing-and-hub-assembly-for-ford-explorer-sport-trac-lincoln-aviator,rear-wheel-bearing-and-hub-assembly-for-ford-explorer-sport-trac-lincoln-aviator,front-brake-pad-for-ford-explorer-explorer-sport-trac-mercury-zd1158-2006-2010,front-brake-pad-for-ford-explorer-explorer-sport-trac-mercury-zd1158-2006-2010,front-wheel-hub-bearing-assembly-for-2006-2010-ford-explorer-mercury-mountaineer,front-wheel-hub-bearing-assembly-for-2006-2010-ford-explorer-mercury-mountaineer"
FORD,EXPLORER SPORT TRAC,2007,Base Crew Cab Pickup 4-Door,"rear-wheel-bearing-and-hub-assembly-for-ford-explorer-sport-trac-lincoln-aviator,front-brake-pad-for-ford-explorer-explorer-sport-trac-mercury-zd1158-2006-2010,front-wheel-hub-bearing-assembly-for-2006-2010-ford-explorer-mercury-mountaineer"
FORD,EXPLORER SPORT TRAC,2007,Limited Crew Cab Pickup 4-Door,"rear-wheel-bearing-and-hub-assembly-for-ford-explorer-sport-trac-lincoln-aviator,rear-wheel-bearing-and-hub-assembly-for-ford-explorer-sport-trac-lincoln-aviator,front-brake-pad-for-ford-explorer-explorer-sport-trac-mercury-zd1158-2006-2010,front-brake-pad-for-ford-explorer-explorer-sport-trac-mercury-zd1158-2006-2010,front-wheel-hub-bearing-assembly-for-2006-2010-ford-explorer-mercury-mountaineer,front-wheel-hub-bearing-assembly-for-2006-2010-ford-explorer-mercury-mountaineer"
FORD,EXPLORER SPORT TRAC,2007,XLT Crew Cab Pickup 4-Door,"rear-wheel-bearing-and-hub-assembly-for-ford-explorer-sport-trac-lincoln-aviator,rear-wheel-bearing-and-hub-assembly-for-ford-explorer-sport-trac-lincoln-aviator,front-brake-pad-for-ford-explorer-explorer-sport-trac-mercury-zd1158-2006-2010,front-brake-pad-for-ford-explorer-explorer-sport-trac-mercury-zd1158-2006-2010,front-wheel-hub-bearing-assembly-for-2006-2010-ford-explorer-mercury-mountaineer,front-wheel-hub-bearing-assembly-for-2006-2010-ford-explorer-mercury-mountaineer"
MERCURY,MOUNTAINEER,2007,Base Sport Utility 4-Door,"rear-wheel-bearing-and-hub-assembly-for-ford-explorer-sport-trac-lincoln-aviator,front-brake-pad-for-ford-explorer-explorer-sport-trac-mercury-zd1158-2006-2010,front-wheel-hub-bearing-assembly-for-2006-2010-ford-explorer-mercury-mountaineer"
MERCURY,MOUNTAINEER,2007,Premier Sport Utility 4-Door,"rear-wheel-bearing-and-hub-assembly-for-ford-explorer-sport-trac-lincoln-aviator,rear-wheel-bearing-and-hub-assembly-for-ford-explorer-sport-trac-lincoln-aviator,front-brake-pad-for-ford-explorer-explorer-sport-trac-mercury-zd1158-2006-2010,front-brake-pad-for-ford-explorer-explorer-sport-trac-mercury-zd1158-2006-2010,front-wheel-hub-bearing-assembly-for-2006-2010-ford-explorer-mercury-mountaineer,front-wheel-hub-bearing-assembly-for-2006-2010-ford-explorer-mercury-mountaineer"
FORD,EXPLORER,2006,Eddie Bauer Sport Utility 4-Door,"rear-wheel-bearing-and-hub-assembly-for-ford-explorer-sport-trac-lincoln-aviator,rear-wheel-bearing-and-hub-assembly-for-ford-explorer-sport-trac-lincoln-aviator,front-brake-pad-for-ford-explorer-explorer-sport-trac-mercury-zd1158-2006-2010,front-brake-pad-for-ford-explorer-explorer-sport-trac-mercury-zd1158-2006-2010,front-wheel-hub-bearing-assembly-for-2006-2010-ford-explorer-mercury-mountaineer,front-wheel-hub-bearing-assembly-for-2006-2010-ford-explorer-mercury-mountaineer"
FORD,EXPLORER,2006,Limited Sport Utility 4-Door,"rear-wheel-bearing-and-hub-assembly-for-ford-explorer-sport-trac-lincoln-aviator,rear-wheel-bearing-and-hub-assembly-for-ford-explorer-sport-trac-lincoln-aviator,front-brake-pad-for-ford-explorer-explorer-sport-trac-mercury-zd1158-2006-2010,front-brake-pad-for-ford-explorer-explorer-sport-trac-mercury-zd1158-2006-2010,front-wheel-hub-bearing-assembly-for-2006-2010-ford-explorer-mercury-mountaineer,front-wheel-hub-bearing-assembly-for-2006-2010-ford-explorer-mercury-mountaineer"
FORD,EXPLORER,2006,XLS Sport Utility 4-Door,"rear-wheel-bearing-and-hub-assembly-for-ford-explorer-sport-trac-lincoln-aviator,front-brake-pad-for-ford-explorer-explorer-sport-trac-mercury-zd1158-2006-2010,front-wheel-hub-bearing-assembly-for-2006-2010-ford-explorer-mercury-mountaineer"
FORD,EXPLORER,2006,XLT Sport Utility 4-Door,"rear-wheel-bearing-and-hub-assembly-for-ford-explorer-sport-trac-lincoln-aviator,rear-wheel-bearing-and-hub-assembly-for-ford-explorer-sport-trac-lincoln-aviator,front-brake-pad-for-ford-explorer-explorer-sport-trac-mercury-zd1158-2006-2010,front-brake-pad-for-ford-explorer-explorer-sport-trac-mercury-zd1158-2006-2010,front-wheel-hub-bearing-assembly-for-2006-2010-ford-explorer-mercury-mountaineer,front-wheel-hub-bearing-assembly-for-2006-2010-ford-explorer-mercury-mountaineer"
MERCURY,MOUNTAINEER,2006,Convenience Sport Utility 4-Door,"rear-wheel-bearing-and-hub-assembly-for-ford-explorer-sport-trac-lincoln-aviator,front-brake-pad-for-ford-explorer-explorer-sport-trac-mercury-zd1158-2006-2010,front-wheel-hub-bearing-assembly-for-2006-2010-ford-explorer-mercury-mountaineer"
MERCURY,MOUNTAINEER,2006,Luxury Sport Utility 4-Door,"rear-wheel-bearing-and-hub-assembly-for-ford-explorer-sport-trac-lincoln-aviator,rear-wheel-bearing-and-hub-assembly-for-ford-explorer-sport-trac-lincoln-aviator,front-brake-pad-for-ford-explorer-explorer-sport-trac-mercury-zd1158-2006-2010,front-brake-pad-for-ford-explorer-explorer-sport-trac-mercury-zd1158-2006-2010,front-wheel-hub-bearing-assembly-for-2006-2010-ford-explorer-mercury-mountaineer,front-wheel-hub-bearing-assembly-for-2006-2010-ford-explorer-mercury-mountaineer"
MERCURY,MOUNTAINEER,2006,Premier Sport Utility 4-Door,"rear-wheel-bearing-and-hub-assembly-for-ford-explorer-sport-trac-lincoln-aviator,front-brake-pad-for-ford-explorer-explorer-sport-trac-mercury-zd1158-2006-2010,front-wheel-hub-bearing-assembly-for-2006-2010-ford-explorer-mercury-mountaineer"
FORD,EXPLORER,2005,Eddie Bauer Sport Utility 4-Door,"rear-wheel-bearing-and-hub-assembly-for-ford-explorer-sport-trac-lincoln-aviator,rear-wheel-bearing-and-hub-assembly-for-ford-explorer-sport-trac-lincoln-aviator,rear-wheel-bearing-and-hub-assembly-for-ford-explorer-sport-trac-lincoln-aviator,front-brake-pad-for-explorer-ranger-mazda-b2300-b3000-mercury-d833-2001-2010,front-brake-pad-for-explorer-ranger-mazda-b2300-b3000-mercury-d833-2001-2010,front-brake-pad-for-explorer-ranger-mazda-b2300-b3000-mercury-d833-2001-2010,front-wheel-bearing-hubs-for-2002-2005-ford-explorer-mercury-mountaineer-aviator,front-wheel-bearing-hubs-for-2002-2005-ford-explorer-mercury-mountaineer-aviator,front-wheel-bearing-hubs-for-2002-2005-ford-explorer-mercury-mountaineer-aviator"
FORD,EXPLORER,2005,Limited Sport Utility 4-Door,"rear-wheel-bearing-and-hub-assembly-for-ford-explorer-sport-trac-lincoln-aviator,rear-wheel-bearing-and-hub-assembly-for-ford-explorer-sport-trac-lincoln-aviator,rear-wheel-bearing-and-hub-assembly-for-ford-explorer-sport-trac-lincoln-aviator,front-brake-pad-for-explorer-ranger-mazda-b2300-b3000-mercury-d833-2001-2010,front-brake-pad-for-explorer-ranger-mazda-b2300-b3000-mercury-d833-2001-2010,front-brake-pad-for-explorer-ranger-mazda-b2300-b3000-mercury-d833-2001-2010,front-wheel-bearing-hubs-for-2002-2005-ford-explorer-mercury-mountaineer-aviator,front-wheel-bearing-hubs-for-2002-2005-ford-explorer-mercury-mountaineer-aviator,front-wheel-bearing-hubs-for-2002-2005-ford-explorer-mercury-mountaineer-aviator"
FORD,EXPLORER,2005,XLS Sport Sport Utility 4-Door,"rear-wheel-bearing-and-hub-assembly-for-ford-explorer-sport-trac-lincoln-aviator,rear-wheel-bearing-and-hub-assembly-for-ford-explorer-sport-trac-lincoln-aviator,front-brake-pad-for-explorer-ranger-mazda-b2300-b3000-mercury-d833-2001-2010,front-brake-pad-for-explorer-ranger-mazda-b2300-b3000-mercury-d833-2001-2010,front-wheel-bearing-hubs-for-2002-2005-ford-explorer-mercury-mountaineer-aviator,front-wheel-bearing-hubs-for-2002-2005-ford-explorer-mercury-mountaineer-aviator"
FORD,EXPLORER,2005,XLS Sport Utility 4-Door,"rear-wheel-bearing-and-hub-assembly-for-ford-explorer-sport-trac-lincoln-aviator,rear-wheel-bearing-and-hub-assembly-for-ford-explorer-sport-trac-lincoln-aviator,front-brake-pad-for-explorer-ranger-mazda-b2300-b3000-mercury-d833-2001-2010,front-brake-pad-for-explorer-ranger-mazda-b2300-b3000-mercury-d833-2001-2010,front-wheel-bearing-hubs-for-2002-2005-ford-explorer-mercury-mountaineer-aviator,front-wheel-bearing-hubs-for-2002-2005-ford-explorer-mercury-mountaineer-aviator"
FORD,EXPLORER,2005,XLT Sport Sport Utility 4-Door,"rear-wheel-bearing-and-hub-assembly-for-ford-explorer-sport-trac-lincoln-aviator,rear-wheel-bearing-and-hub-assembly-for-ford-explorer-sport-trac-lincoln-aviator,rear-wheel-bearing-and-hub-assembly-for-ford-explorer-sport-trac-lincoln-aviator,front-brake-pad-for-explorer-ranger-mazda-b2300-b3000-mercury-d833-2001-2010,front-brake-pad-for-explorer-ranger-mazda-b2300-b3000-mercury-d833-2001-2010,front-brake-pad-for-explorer-ranger-mazda-b2300-b3000-mercury-d833-2001-2010,front-wheel-bearing-hubs-for-2002-2005-ford-explorer-mercury-mountaineer-aviator,front-wheel-bearing-hubs-for-2002-2005-ford-explorer-mercury-mountaineer-aviator,front-wheel-bearing-hubs-for-2002-2005-ford-explorer-mercury-mountaineer-aviator"
FORD,EXPLORER,2005,XLT Sport Utility 4-Door,"rear-wheel-bearing-and-hub-assembly-for-ford-explorer-sport-trac-lincoln-aviator,rear-wheel-bearing-and-hub-assembly-for-ford-explorer-sport-trac-lincoln-aviator,rear-wheel-bearing-and-hub-assembly-for-ford-explorer-sport-trac-lincoln-aviator,front-brake-pad-for-explorer-ranger-mazda-b2300-b3000-mercury-d833-2001-2010,front-brake-pad-for-explorer-ranger-mazda-b2300-b3000-mercury-d833-2001-2010,front-brake-pad-for-explorer-ranger-mazda-b2300-b3000-mercury-d833-2001-2010,front-wheel-bearing-hubs-for-2002-2005-ford-explorer-mercury-mountaineer-aviator,front-wheel-bearing-hubs-for-2002-2005-ford-explorer-mercury-mountaineer-aviator,front-wheel-bearing-hubs-for-2002-2005-ford-explorer-mercury-mountaineer-aviator"
LINCOLN,AVIATOR,2005,Base Sport Utility 4-Door,"rear-wheel-bearing-and-hub-assembly-for-ford-explorer-sport-trac-lincoln-aviator,front-wheel-bearing-hubs-for-2002-2005-ford-explorer-mercury-mountaineer-aviator"
LINCOLN,AVIATOR,2005,Luxury Sport Utility 4-Door,"rear-wheel-bearing-and-hub-assembly-for-ford-explorer-sport-trac-lincoln-aviator,front-wheel-bearing-hubs-for-2002-2005-ford-explorer-mercury-mountaineer-aviator"
MERCURY,MOUNTAINEER,2005,Luxury Sport Utility 4-Door,"rear-wheel-bearing-and-hub-assembly-for-ford-explorer-sport-trac-lincoln-aviator,rear-wheel-bearing-and-hub-assembly-for-ford-explorer-sport-trac-lincoln-aviator,rear-wheel-bearing-and-hub-assembly-for-ford-explorer-sport-trac-lincoln-aviator,front-brake-pad-for-explorer-ranger-mazda-b2300-b3000-mercury-d833-2001-2010,front-brake-pad-for-explorer-ranger-mazda-b2300-b3000-mercury-d833-2001-2010,front-brake-pad-for-explorer-ranger-mazda-b2300-b3000-mercury-d833-2001-2010,front-wheel-bearing-hubs-for-2002-2005-ford-explorer-mercury-mountaineer-aviator,front-wheel-bearing-hubs-for-2002-2005-ford-explorer-mercury-mountaineer-aviator,front-wheel-bearing-hubs-for-2002-2005-ford-explorer-mercury-mountaineer-aviator"
MERCURY,MOUNTAINEER,2005,Premier Sport Utility 4-Door,"rear-wheel-bearing-and-hub-assembly-for-ford-explorer-sport-trac-lincoln-aviator,rear-wheel-bearing-and-hub-assembly-for-ford-explorer-sport-trac-lincoln-aviator,rear-wheel-bearing-and-hub-assembly-for-ford-explorer-sport-trac-lincoln-aviator,front-brake-pad-for-explorer-ranger-mazda-b2300-b3000-mercury-d833-2001-2010,front-brake-pad-for-explorer-ranger-mazda-b2300-b3000-mercury-d833-2001-2010,front-brake-pad-for-explorer-ranger-mazda-b2300-b3000-mercury-d833-2001-2010,front-wheel-bearing-hubs-for-2002-2005-ford-explorer-mercury-mountaineer-aviator,front-wheel-bearing-hubs-for-2002-2005-ford-explorer-mercury-mountaineer-aviator,front-wheel-bearing-hubs-for-2002-2005-ford-explorer-mercury-mountaineer-aviator"
FORD,EXPLORER,2004,Eddie Bauer Sport Utility 4-Door,"rear-wheel-bearing-and-hub-assembly-for-ford-explorer-sport-trac-lincoln-aviator,rear-wheel-bearing-and-hub-assembly-for-ford-explorer-sport-trac-lincoln-aviator,rear-wheel-bearing-and-hub-assembly-for-ford-explorer-sport-trac-lincoln-aviator,front-brake-pad-for-explorer-ranger-mazda-b2300-b3000-mercury-d833-2001-2010,front-brake-pad-for-explorer-ranger-mazda-b2300-b3000-mercury-d833-2001-2010,front-brake-pad-for-explorer-ranger-mazda-b2300-b3000-mercury-d833-2001-2010,front-wheel-bearing-hubs-for-2002-2005-ford-explorer-mercury-mountaineer-aviator,front-wheel-bearing-hubs-for-2002-2005-ford-explorer-mercury-mountaineer-aviator,front-wheel-bearing-hubs-for-2002-2005-ford-explorer-mercury-mountaineer-aviator"
FORD,EXPLORER,2004,Limited Sport Utility 4-Door,"rear-wheel-bearing-and-hub-assembly-for-ford-explorer-sport-trac-lincoln-aviator,rear-wheel-bearing-and-hub-assembly-for-ford-explorer-sport-trac-lincoln-aviator,rear-wheel-bearing-and-hub-assembly-for-ford-explorer-sport-trac-lincoln-aviator,front-brake-pad-for-explorer-ranger-mazda-b2300-b3000-mercury-d833-2001-2010,front-brake-pad-for-explorer-ranger-mazda-b2300-b3000-mercury-d833-2001-2010,front-brake-pad-for-explorer-ranger-mazda-b2300-b3000-mercury-d833-2001-2010,front-wheel-bearing-hubs-for-2002-2005-ford-explorer-mercury-mountaineer-aviator,front-wheel-bearing-hubs-for-2002-2005-ford-explorer-mercury-mountaineer-aviator,front-wheel-bearing-hubs-for-2002-2005-ford-explorer-mercury-mountaineer-aviator"
FORD,EXPLORER,2004,NBX Sport Utility 4-Door,"rear-wheel-bearing-and-hub-assembly-for-ford-explorer-sport-trac-lincoln-aviator,rear-wheel-bearing-and-hub-assembly-for-ford-explorer-sport-trac-lincoln-aviator,rear-wheel-bearing-and-hub-assembly-for-ford-explorer-sport-trac-lincoln-aviator,front-brake-pad-for-explorer-ranger-mazda-b2300-b3000-mercury-d833-2001-2010,front-brake-pad-for-explorer-ranger-mazda-b2300-b3000-mercury-d833-2001-2010,front-brake-pad-for-explorer-ranger-mazda-b2300-b3000-mercury-d833-2001-2010,front-wheel-bearing-hubs-for-2002-2005-ford-explorer-mercury-mountaineer-aviator,front-wheel-bearing-hubs-for-2002-2005-ford-explorer-mercury-mountaineer-aviator,front-wheel-bearing-hubs-for-2002-2005-ford-explorer-mercury-mountaineer-aviator"
FORD,EXPLORER,2004,XLS Sport Sport Utility 4-Door,"rear-wheel-bearing-and-hub-assembly-for-ford-explorer-sport-trac-lincoln-aviator,rear-wheel-bearing-and-hub-assembly-for-ford-explorer-sport-trac-lincoln-aviator,front-brake-pad-for-explorer-ranger-mazda-b2300-b3000-mercury-d833-2001-2010,front-brake-pad-for-explorer-ranger-mazda-b2300-b3000-mercury-d833-2001-2010,front-wheel-bearing-hubs-for-2002-2005-ford-explorer-mercury-mountaineer-aviator,front-wheel-bearing-hubs-for-2002-2005-ford-explorer-mercury-mountaineer-aviator"
FORD,EXPLORER,2004,XLS Sport Utility 4-Door,"rear-wheel-bearing-and-hub-assembly-for-ford-explorer-sport-trac-lincoln-aviator,rear-wheel-bearing-and-hub-assembly-for-ford-explorer-sport-trac-lincoln-aviator,front-brake-pad-for-explorer-ranger-mazda-b2300-b3000-mercury-d833-2001-2010,front-brake-pad-for-explorer-ranger-mazda-b2300-b3000-mercury-d833-2001-2010,front-wheel-bearing-hubs-for-2002-2005-ford-explorer-mercury-mountaineer-aviator,front-wheel-bearing-hubs-for-2002-2005-ford-explorer-mercury-mountaineer-aviator"
FORD,EXPLORER,2004,XLT Sport Sport Utility 4-Door,"rear-wheel-bearing-and-hub-assembly-for-ford-explorer-sport-trac-lincoln-aviator,rear-wheel-bearing-and-hub-assembly-for-ford-explorer-sport-trac-lincoln-aviator,rear-wheel-bearing-and-hub-assembly-for-ford-explorer-sport-trac-lincoln-aviator,front-brake-pad-for-explorer-ranger-mazda-b2300-b3000-mercury-d833-2001-2010,front-brake-pad-for-explorer-ranger-mazda-b2300-b3000-mercury-d833-2001-2010,front-brake-pad-for-explorer-ranger-mazda-b2300-b3000-mercury-d833-2001-2010,front-wheel-bearing-hubs-for-2002-2005-ford-explorer-mercury-mountaineer-aviator,front-wheel-bearing-hubs-for-2002-2005-ford-explorer-mercury-mountaineer-aviator,front-wheel-bearing-hubs-for-2002-2005-ford-explorer-mercury-mountaineer-aviator"
FORD,EXPLORER,2004,XLT Sport Utility 4-Door,"rear-wheel-bearing-and-hub-assembly-for-ford-explorer-sport-trac-lincoln-aviator,rear-wheel-bearing-and-hub-assembly-for-ford-explorer-sport-trac-lincoln-aviator,rear-wheel-bearing-and-hub-assembly-for-ford-explorer-sport-trac-lincoln-aviator,front-brake-pad-for-explorer-ranger-mazda-b2300-b3000-mercury-d833-2001-2010,front-brake-pad-for-explorer-ranger-mazda-b2300-b3000-mercury-d833-2001-2010,front-brake-pad-for-explorer-ranger-mazda-b2300-b3000-mercury-d833-2001-2010,front-wheel-bearing-hubs-for-2002-2005-ford-explorer-mercury-mountaineer-aviator,front-wheel-bearing-hubs-for-2002-2005-ford-explorer-mercury-mountaineer-aviator,front-wheel-bearing-hubs-for-2002-2005-ford-explorer-mercury-mountaineer-aviator"
LINCOLN,AVIATOR,2004,Base Sport Utility 4-Door,"rear-wheel-bearing-and-hub-assembly-for-ford-explorer-sport-trac-lincoln-aviator,front-wheel-bearing-hubs-for-2002-2005-ford-explorer-mercury-mountaineer-aviator"
LINCOLN,AVIATOR,2004,Luxury Sport Utility 4-Door,"rear-wheel-bearing-and-hub-assembly-for-ford-explorer-sport-trac-lincoln-aviator,front-wheel-bearing-hubs-for-2002-2005-ford-explorer-mercury-mountaineer-aviator"
LINCOLN,AVIATOR,2004,Ultimate Sport Utility 4-Door,"rear-wheel-bearing-and-hub-assembly-for-ford-explorer-sport-trac-lincoln-aviator,front-wheel-bearing-hubs-for-2002-2005-ford-explorer-mercury-mountaineer-aviator"
MERCURY,MOUNTAINEER,2004,Base Sport Utility 4-Door,"rear-wheel-bearing-and-hub-assembly-for-ford-explorer-sport-trac-lincoln-aviator,rear-wheel-bearing-and-hub-assembly-for-ford-explorer-sport-trac-lincoln-aviator,rear-wheel-bearing-and-hub-assembly-for-ford-explorer-sport-trac-lincoln-aviator,front-brake-pad-for-explorer-ranger-mazda-b2300-b3000-mercury-d833-2001-2010,front-brake-pad-for-explorer-ranger-mazda-b2300-b3000-mercury-d833-2001-2010,front-brake-pad-for-explorer-ranger-mazda-b2300-b3000-mercury-d833-2001-2010,front-wheel-bearing-hubs-for-2002-2005-ford-explorer-mercury-mountaineer-aviator,front-wheel-bearing-hubs-for-2002-2005-ford-explorer-mercury-mountaineer-aviator,front-wheel-bearing-hubs-for-2002-2005-ford-explorer-mercury-mountaineer-aviator"
MERCURY,MOUNTAINEER,2004,Premier Sport Utility 4-Door,"rear-wheel-bearing-and-hub-assembly-for-ford-explorer-sport-trac-lincoln-aviator,rear-wheel-bearing-and-hub-assembly-for-ford-explorer-sport-trac-lincoln-aviator,front-brake-pad-for-explorer-ranger-mazda-b2300-b3000-mercury-d833-2001-2010,front-brake-pad-for-explorer-ranger-mazda-b2300-b3000-mercury-d833-2001-2010,front-wheel-bearing-hubs-for-2002-2005-ford-explorer-mercury-mountaineer-aviator,front-wheel-bearing-hubs-for-2002-2005-ford-explorer-mercury-mountaineer-aviator"
FORD,EXPLORER,2003,Eddie Bauer Sport Utility 4-Door,"rear-wheel-bearing-and-hub-assembly-for-ford-explorer-sport-trac-lincoln-aviator,rear-wheel-bearing-and-hub-assembly-for-ford-explorer-sport-trac-lincoln-aviator,rear-wheel-bearing-and-hub-assembly-for-ford-explorer-sport-trac-lincoln-aviator,front-brake-pad-for-explorer-ranger-mazda-b2300-b3000-mercury-d833-2001-2010,front-brake-pad-for-explorer-ranger-mazda-b2300-b3000-mercury-d833-2001-2010,front-brake-pad-for-explorer-ranger-mazda-b2300-b3000-mercury-d833-2001-2010,front-wheel-bearing-hubs-for-2002-2005-ford-explorer-mercury-mountaineer-aviator,front-wheel-bearing-hubs-for-2002-2005-ford-explorer-mercury-mountaineer-aviator,front-wheel-bearing-hubs-for-2002-2005-ford-explorer-mercury-mountaineer-aviator"
FORD,EXPLORER,2003,Limited Sport Utility 4-Door,"rear-wheel-bearing-and-hub-assembly-for-ford-explorer-sport-trac-lincoln-aviator,rear-wheel-bearing-and-hub-assembly-for-ford-explorer-sport-trac-lincoln-aviator,rear-wheel-bearing-and-hub-assembly-for-ford-explorer-sport-trac-lincoln-aviator,front-brake-pad-for-explorer-ranger-mazda-b2300-b3000-mercury-d833-2001-2010,front-brake-pad-for-explorer-ranger-mazda-b2300-b3000-mercury-d833-2001-2010,front-brake-pad-for-explorer-ranger-mazda-b2300-b3000-mercury-d833-2001-2010,front-wheel-bearing-hubs-for-2002-2005-ford-explorer-mercury-mountaineer-aviator,front-wheel-bearing-hubs-for-2002-2005-ford-explorer-mercury-mountaineer-aviator,front-wheel-bearing-hubs-for-2002-2005-ford-explorer-mercury-mountaineer-aviator"
FORD,EXPLORER,2003,XLS Sport Utility 4-Door,"rear-wheel-bearing-and-hub-assembly-for-ford-explorer-sport-trac-lincoln-aviator,rear-wheel-bearing-and-hub-assembly-for-ford-explorer-sport-trac-lincoln-aviator,front-brake-pad-for-explorer-ranger-mazda-b2300-b3000-mercury-d833-2001-2010,front-brake-pad-for-explorer-ranger-mazda-b2300-b3000-mercury-d833-2001-2010,front-wheel-bearing-hubs-for-2002-2005-ford-explorer-mercury-mountaineer-aviator,front-wheel-bearing-hubs-for-2002-2005-ford-explorer-mercury-mountaineer-aviator"
FORD,EXPLORER,2003,XLT Sport Utility 4-Door,"rear-wheel-bearing-and-hub-assembly-for-ford-explorer-sport-trac-lincoln-aviator,rear-wheel-bearing-and-hub-assembly-for-ford-explorer-sport-trac-lincoln-aviator,rear-wheel-bearing-and-hub-assembly-for-ford-explorer-sport-trac-lincoln-aviator,front-brake-pad-for-explorer-ranger-mazda-b2300-b3000-mercury-d833-2001-2010,front-brake-pad-for-explorer-ranger-mazda-b2300-b3000-mercury-d833-2001-2010,front-brake-pad-for-explorer-ranger-mazda-b2300-b3000-mercury-d833-2001-2010,front-wheel-bearing-hubs-for-2002-2005-ford-explorer-mercury-mountaineer-aviator,front-wheel-bearing-hubs-for-2002-2005-ford-explorer-mercury-mountaineer-aviator,front-wheel-bearing-hubs-for-2002-2005-ford-explorer-mercury-mountaineer-aviator"
FORD,EXPLORER SPORT,2003,Base Sport Utility 2-Door,"rear-wheel-bearing-and-hub-assembly-for-ford-explorer-sport-trac-lincoln-aviator,front-brake-pad-for-explorer-ranger-mazda-b2300-b3000-mercury-d833-2001-2010,front-wheel-hub-bearing-assembly-for-2000-2006-2007-2008-2009-ford-ranger"
FORD,EXPLORER SPORT,2003,XLS Sport Utility 2-Door,"rear-wheel-bearing-and-hub-assembly-for-ford-explorer-sport-trac-lincoln-aviator,front-brake-pad-for-explorer-ranger-mazda-b2300-b3000-mercury-d833-2001-2010,front-wheel-hub-bearing-assembly-for-2000-2006-2007-2008-2009-ford-ranger"
FORD,EXPLORER SPORT,2003,XLT Sport Utility 2-Door,"rear-wheel-bearing-and-hub-assembly-for-ford-explorer-sport-trac-lincoln-aviator,front-brake-pad-for-explorer-ranger-mazda-b2300-b3000-mercury-d833-2001-2010,front-wheel-hub-bearing-assembly-for-2000-2006-2007-2008-2009-ford-ranger"
LINCOLN,AVIATOR,2003,Base Sport Utility 4-Door,"rear-wheel-bearing-and-hub-assembly-for-ford-explorer-sport-trac-lincoln-aviator,front-wheel-bearing-hubs-for-2002-2005-ford-explorer-mercury-mountaineer-aviator"
MERCURY,MOUNTAINEER,2003,Base Sport Utility 4-Door,"rear-wheel-bearing-and-hub-assembly-for-ford-explorer-sport-trac-lincoln-aviator,rear-wheel-bearing-and-hub-assembly-for-ford-explorer-sport-trac-lincoln-aviator,front-brake-pad-for-explorer-ranger-mazda-b2300-b3000-mercury-d833-2001-2010,front-brake-pad-for-explorer-ranger-mazda-b2300-b3000-mercury-d833-2001-2010,front-wheel-bearing-hubs-for-2002-2005-ford-explorer-mercury-mountaineer-aviator,front-wheel-bearing-hubs-for-2002-2005-ford-explorer-mercury-mountaineer-aviator"
FORD,EXPLORER,2002,Eddie Bauer Sport Utility 4-Door,"rear-wheel-bearing-and-hub-assembly-for-ford-explorer-sport-trac-lincoln-aviator,rear-wheel-bearing-and-hub-assembly-for-ford-explorer-sport-trac-lincoln-aviator,rear-wheel-bearing-and-hub-assembly-for-ford-explorer-sport-trac-lincoln-aviator,front-brake-pad-for-explorer-ranger-mazda-b2300-b3000-mercury-d833-2001-2010,front-brake-pad-for-explorer-ranger-mazda-b2300-b3000-mercury-d833-2001-2010,front-brake-pad-for-explorer-ranger-mazda-b2300-b3000-mercury-d833-2001-2010,front-wheel-bearing-hubs-for-2002-2005-ford-explorer-mercury-mountaineer-aviator,front-wheel-bearing-hubs-for-2002-2005-ford-explorer-mercury-mountaineer-aviator,front-wheel-bearing-hubs-for-2002-2005-ford-explorer-mercury-mountaineer-aviator"
FORD,EXPLORER,2002,Limited Sport Utility 4-Door,"rear-wheel-bearing-and-hub-assembly-for-ford-explorer-sport-trac-lincoln-aviator,rear-wheel-bearing-and-hub-assembly-for-ford-explorer-sport-trac-lincoln-aviator,rear-wheel-bearing-and-hub-assembly-for-ford-explorer-sport-trac-lincoln-aviator,front-brake-pad-for-explorer-ranger-mazda-b2300-b3000-mercury-d833-2001-2010,front-brake-pad-for-explorer-ranger-mazda-b2300-b3000-mercury-d833-2001-2010,front-brake-pad-for-explorer-ranger-mazda-b2300-b3000-mercury-d833-2001-2010,front-wheel-bearing-hubs-for-2002-2005-ford-explorer-mercury-mountaineer-aviator,front-wheel-bearing-hubs-for-2002-2005-ford-explorer-mercury-mountaineer-aviator,front-wheel-bearing-hubs-for-2002-2005-ford-explorer-mercury-mountaineer-aviator"
FORD,EXPLORER,2002,XLS Sport Utility 4-Door,"rear-wheel-bearing-and-hub-assembly-for-ford-explorer-sport-trac-lincoln-aviator,rear-wheel-bearing-and-hub-assembly-for-ford-explorer-sport-trac-lincoln-aviator,front-brake-pad-for-explorer-ranger-mazda-b2300-b3000-mercury-d833-2001-2010,front-brake-pad-for-explorer-ranger-mazda-b2300-b3000-mercury-d833-2001-2010,front-wheel-bearing-hubs-for-2002-2005-ford-explorer-mercury-mountaineer-aviator,front-wheel-bearing-hubs-for-2002-2005-ford-explorer-mercury-mountaineer-aviator"
FORD,EXPLORER,2002,XLT Sport Utility 4-Door,"rear-wheel-bearing-and-hub-assembly-for-ford-explorer-sport-trac-lincoln-aviator,rear-wheel-bearing-and-hub-assembly-for-ford-explorer-sport-trac-lincoln-aviator,rear-wheel-bearing-and-hub-assembly-for-ford-explorer-sport-trac-lincoln-aviator,front-brake-pad-for-explorer-ranger-mazda-b2300-b3000-mercury-d833-2001-2010,front-brake-pad-for-explorer-ranger-mazda-b2300-b3000-mercury-d833-2001-2010,front-brake-pad-for-explorer-ranger-mazda-b2300-b3000-mercury-d833-2001-2010,front-wheel-bearing-hubs-for-2002-2005-ford-explorer-mercury-mountaineer-aviator,front-wheel-bearing-hubs-for-2002-2005-ford-explorer-mercury-mountaineer-aviator,front-wheel-bearing-hubs-for-2002-2005-ford-explorer-mercury-mountaineer-aviator"
FORD,EXPLORER SPORT,2002,Base Sport Utility 2-Door,"rear-wheel-bearing-and-hub-assembly-for-ford-explorer-sport-trac-lincoln-aviator,front-brake-pad-for-explorer-ranger-mazda-b2300-b3000-mercury-d833-2001-2010,front-wheel-hub-bearing-assembly-for-2000-2006-2007-2008-2009-ford-ranger"
MERCURY,MOUNTAINEER,2002,Base Sport Utility 4-Door,"rear-wheel-bearing-and-hub-assembly-for-ford-explorer-sport-trac-lincoln-aviator,rear-wheel-bearing-and-hub-assembly-for-ford-explorer-sport-trac-lincoln-aviator,rear-wheel-bearing-and-hub-assembly-for-ford-explorer-sport-trac-lincoln-aviator,front-brake-pad-for-explorer-ranger-mazda-b2300-b3000-mercury-d833-2001-2010,front-brake-pad-for-explorer-ranger-mazda-b2300-b3000-mercury-d833-2001-2010,front-brake-pad-for-explorer-ranger-mazda-b2300-b3000-mercury-d833-2001-2010,front-wheel-bearing-hubs-for-2002-2005-ford-explorer-mercury-mountaineer-aviator,front-wheel-bearing-hubs-for-2002-2005-ford-explorer-mercury-mountaineer-aviator,front-wheel-bearing-hubs-for-2002-2005-ford-explorer-mercury-mountaineer-aviator"
NISSAN,ARMADA,2020,Exclusive Sport Utility 4-Door,"5-6l-rear-wheel-bearing-and-hub-assembly-for-infiniti-qx56-qx80-nissan-armada,front-left-and-right-wheel-bearing-and-hubs-for-nissan-armada-infiniti-qx56-qx80,front-brake-pad-for-infiniti-qx56-qx80-nissan-armada-titan-zd1509-d10601la1a,front-brake-pad-for-infiniti-qx56-qx80-nissan-armada-zd1510-d4060-1lb0a"
NISSAN,ARMADA,2020,Platinum Reserve Sport Utility 4-Door,"5-6l-rear-wheel-bearing-and-hub-assembly-for-infiniti-qx56-qx80-nissan-armada,front-left-and-right-wheel-bearing-and-hubs-for-nissan-armada-infiniti-qx56-qx80,front-brake-pad-for-infiniti-qx56-qx80-nissan-armada-titan-zd1509-d10601la1a,front-brake-pad-for-infiniti-qx56-qx80-nissan-armada-zd1510-d4060-1lb0a"
NISSAN,ARMADA,2020,Platinum Sport Utility 4-Door,"5-6l-rear-wheel-bearing-and-hub-assembly-for-infiniti-qx56-qx80-nissan-armada,front-left-and-right-wheel-bearing-and-hubs-for-nissan-armada-infiniti-qx56-qx80,front-brake-pad-for-infiniti-qx56-qx80-nissan-armada-titan-zd1509-d10601la1a,front-brake-pad-for-infiniti-qx56-qx80-nissan-armada-zd1510-d4060-1lb0a"
NISSAN,ARMADA,2020,SL Sport Utility 4-Door,"5-6l-rear-wheel-bearing-and-hub-assembly-for-infiniti-qx56-qx80-nissan-armada,front-left-and-right-wheel-bearing-and-hubs-for-nissan-armada-infiniti-qx56-qx80,front-brake-pad-for-infiniti-qx56-qx80-nissan-armada-titan-zd1509-d10601la1a,front-brake-pad-for-infiniti-qx56-qx80-nissan-armada-zd1510-d4060-1lb0a"
NISSAN,ARMADA,2020,SV Sport Utility 4-Door,"5-6l-rear-wheel-bearing-and-hub-assembly-for-infiniti-qx56-qx80-nissan-armada,front-left-and-right-wheel-bearing-and-hubs-for-nissan-armada-infiniti-qx56-qx80,front-brake-pad-for-infiniti-qx56-qx80-nissan-armada-titan-zd1509-d10601la1a,front-brake-pad-for-infiniti-qx56-qx80-nissan-armada-zd1510-d4060-1lb0a"
INFINITI,QX80,2019,Limited Sport Utility 4-Door,"5-6l-rear-wheel-bearing-and-hub-assembly-for-infiniti-qx56-qx80-nissan-armada,front-upper-lower-control-arm-bushing-for-nissan-frontier-navara-np300-05-24-8pc,front-left-and-right-wheel-bearing-and-hubs-for-nissan-armada-infiniti-qx56-qx80,front-brake-pad-for-infiniti-qx56-qx80-nissan-armada-titan-zd1509-d10601la1a,front-brake-pad-for-infiniti-qx56-qx80-nissan-armada-zd1510-d4060-1lb0a"
INFINITI,QX80,2019,Luxe Sport Utility 4-Door,"5-6l-rear-wheel-bearing-and-hub-assembly-for-infiniti-qx56-qx80-nissan-armada,front-upper-lower-control-arm-bushing-for-nissan-frontier-navara-np300-05-24-8pc,front-left-and-right-wheel-bearing-and-hubs-for-nissan-armada-infiniti-qx56-qx80,front-brake-pad-for-infiniti-qx56-qx80-nissan-armada-titan-zd1509-d10601la1a,front-brake-pad-for-infiniti-qx56-qx80-nissan-armada-zd1510-d4060-1lb0a"
INFINITI,QX80,2019,Perfection Sport Utility 4-Door,"5-6l-rear-wheel-bearing-and-hub-assembly-for-infiniti-qx56-qx80-nissan-armada,front-upper-lower-control-arm-bushing-for-nissan-frontier-navara-np300-05-24-8pc,front-left-and-right-wheel-bearing-and-hubs-for-nissan-armada-infiniti-qx56-qx80,front-brake-pad-for-infiniti-qx56-qx80-nissan-armada-titan-zd1509-d10601la1a,front-brake-pad-for-infiniti-qx56-qx80-nissan-armada-zd1510-d4060-1lb0a"
NISSAN,ARMADA,2019,Exclusive Sport Utility 4-Door,"5-6l-rear-wheel-bearing-and-hub-assembly-for-infiniti-qx56-qx80-nissan-armada,front-left-and-right-wheel-bearing-and-hubs-for-nissan-armada-infiniti-qx56-qx80,front-brake-pad-for-infiniti-qx56-qx80-nissan-armada-titan-zd1509-d10601la1a,front-brake-pad-for-infiniti-qx56-qx80-nissan-armada-zd1510-d4060-1lb0a"
NISSAN,ARMADA,2019,Platinum Reserve Sport Utility 4-Door,"5-6l-rear-wheel-bearing-and-hub-assembly-for-infiniti-qx56-qx80-nissan-armada,front-left-and-right-wheel-bearing-and-hubs-for-nissan-armada-infiniti-qx56-qx80,front-brake-pad-for-infiniti-qx56-qx80-nissan-armada-titan-zd1509-d10601la1a,front-brake-pad-for-infiniti-qx56-qx80-nissan-armada-zd1510-d4060-1lb0a"
NISSAN,ARMADA,2019,Platinum Sport Utility 4-Door,"5-6l-rear-wheel-bearing-and-hub-assembly-for-infiniti-qx56-qx80-nissan-armada,front-left-and-right-wheel-bearing-and-hubs-for-nissan-armada-infiniti-qx56-qx80,front-brake-pad-for-infiniti-qx56-qx80-nissan-armada-titan-zd1509-d10601la1a,front-brake-pad-for-infiniti-qx56-qx80-nissan-armada-zd1510-d4060-1lb0a"
NISSAN,ARMADA,2019,SL Sport Utility 4-Door,"5-6l-rear-wheel-bearing-and-hub-assembly-for-infiniti-qx56-qx80-nissan-armada,front-left-and-right-wheel-bearing-and-hubs-for-nissan-armada-infiniti-qx56-qx80,front-brake-pad-for-infiniti-qx56-qx80-nissan-armada-titan-zd1509-d10601la1a,front-brake-pad-for-infiniti-qx56-qx80-nissan-armada-zd1510-d4060-1lb0a"
NISSAN,ARMADA,2019,SV Sport Utility 4-Door,"5-6l-rear-wheel-bearing-and-hub-assembly-for-infiniti-qx56-qx80-nissan-armada,front-left-and-right-wheel-bearing-and-hubs-for-nissan-armada-infiniti-qx56-qx80,front-brake-pad-for-infiniti-qx56-qx80-nissan-armada-titan-zd1509-d10601la1a,front-brake-pad-for-infiniti-qx56-qx80-nissan-armada-zd1510-d4060-1lb0a"
INFINITI,QX80,2018,Base Sport Utility 4-Door,"5-6l-rear-wheel-bearing-and-hub-assembly-for-infiniti-qx56-qx80-nissan-armada,front-upper-lower-control-arm-bushing-for-nissan-frontier-navara-np300-05-24-8pc,front-left-and-right-wheel-bearing-and-hubs-for-nissan-armada-infiniti-qx56-qx80,front-brake-pad-for-infiniti-qx56-qx80-nissan-armada-titan-zd1509-d10601la1a,front-brake-pad-for-infiniti-qx56-qx80-nissan-armada-zd1510-d4060-1lb0a"
INFINITI,QX80,2018,Perfection Sport Utility 4-Door,"5-6l-rear-wheel-bearing-and-hub-assembly-for-infiniti-qx56-qx80-nissan-armada,front-upper-lower-control-arm-bushing-for-nissan-frontier-navara-np300-05-24-8pc,front-left-and-right-wheel-bearing-and-hubs-for-nissan-armada-infiniti-qx56-qx80,front-brake-pad-for-infiniti-qx56-qx80-nissan-armada-titan-zd1509-d10601la1a,front-brake-pad-for-infiniti-qx56-qx80-nissan-armada-zd1510-d4060-1lb0a"
NISSAN,ARMADA,2018,Exclusive Sport Utility 4-Door,"5-6l-rear-wheel-bearing-and-hub-assembly-for-infiniti-qx56-qx80-nissan-armada,front-left-and-right-wheel-bearing-and-hubs-for-nissan-armada-infiniti-qx56-qx80,front-brake-pad-for-infiniti-qx56-qx80-nissan-armada-titan-zd1509-d10601la1a,front-brake-pad-for-infiniti-qx56-qx80-nissan-armada-zd1510-d4060-1lb0a"
NISSAN,ARMADA,2018,Platinum Reserve Sport Utility 4-Door,"5-6l-rear-wheel-bearing-and-hub-assembly-for-infiniti-qx56-qx80-nissan-armada,front-left-and-right-wheel-bearing-and-hubs-for-nissan-armada-infiniti-qx56-qx80,front-brake-pad-for-infiniti-qx56-qx80-nissan-armada-titan-zd1509-d10601la1a,front-brake-pad-for-infiniti-qx56-qx80-nissan-armada-zd1510-d4060-1lb0a"
NISSAN,ARMADA,2018,Platinum Sport Utility 4-Door,"5-6l-rear-wheel-bearing-and-hub-assembly-for-infiniti-qx56-qx80-nissan-armada,front-left-and-right-wheel-bearing-and-hubs-for-nissan-armada-infiniti-qx56-qx80,front-brake-pad-for-infiniti-qx56-qx80-nissan-armada-titan-zd1509-d10601la1a,front-brake-pad-for-infiniti-qx56-qx80-nissan-armada-zd1510-d4060-1lb0a"
NISSAN,ARMADA,2018,SL Sport Utility 4-Door,"5-6l-rear-wheel-bearing-and-hub-assembly-for-infiniti-qx56-qx80-nissan-armada,front-left-and-right-wheel-bearing-and-hubs-for-nissan-armada-infiniti-qx56-qx80,front-brake-pad-for-infiniti-qx56-qx80-nissan-armada-titan-zd1509-d10601la1a,front-brake-pad-for-infiniti-qx56-qx80-nissan-armada-zd1510-d4060-1lb0a"
NISSAN,ARMADA,2018,SV Sport Utility 4-Door,"5-6l-rear-wheel-bearing-and-hub-assembly-for-infiniti-qx56-qx80-nissan-armada,front-left-and-right-wheel-bearing-and-hubs-for-nissan-armada-infiniti-qx56-qx80,front-brake-pad-for-infiniti-qx56-qx80-nissan-armada-titan-zd1509-d10601la1a,front-brake-pad-for-infiniti-qx56-qx80-nissan-armada-zd1510-d4060-1lb0a"
INFINITI,QX80,2017,Base Sport Utility 4-Door,"5-6l-rear-wheel-bearing-and-hub-assembly-for-infiniti-qx56-qx80-nissan-armada,front-upper-lower-control-arm-bushing-for-nissan-frontier-navara-np300-05-24-8pc,front-left-and-right-wheel-bearing-and-hubs-for-nissan-armada-infiniti-qx56-qx80,front-brake-pad-for-infiniti-qx56-qx80-nissan-armada-titan-zd1509-d10601la1a,front-brake-pad-for-infiniti-qx56-qx80-nissan-armada-zd1510-d4060-1lb0a"
INFINITI,QX80,2017,Limited Sport Utility 4-Door,"5-6l-rear-wheel-bearing-and-hub-assembly-for-infiniti-qx56-qx80-nissan-armada,front-upper-lower-control-arm-bushing-for-nissan-frontier-navara-np300-05-24-8pc,front-left-and-right-wheel-bearing-and-hubs-for-nissan-armada-infiniti-qx56-qx80,front-brake-pad-for-infiniti-qx56-qx80-nissan-armada-titan-zd1509-d10601la1a,front-brake-pad-for-infiniti-qx56-qx80-nissan-armada-zd1510-d4060-1lb0a"
INFINITI,QX80,2017,Perfection Sport Utility 4-Door,"5-6l-rear-wheel-bearing-and-hub-assembly-for-infiniti-qx56-qx80-nissan-armada,front-upper-lower-control-arm-bushing-for-nissan-frontier-navara-np300-05-24-8pc,front-left-and-right-wheel-bearing-and-hubs-for-nissan-armada-infiniti-qx56-qx80,front-brake-pad-for-infiniti-qx56-qx80-nissan-armada-titan-zd1509-d10601la1a,front-brake-pad-for-infiniti-qx56-qx80-nissan-armada-zd1510-d4060-1lb0a"
NISSAN,ARMADA,2017,Exclusive Sport Utility 4-Door,"5-6l-rear-wheel-bearing-and-hub-assembly-for-infiniti-qx56-qx80-nissan-armada,front-left-and-right-wheel-bearing-and-hubs-for-nissan-armada-infiniti-qx56-qx80,front-brake-pad-for-infiniti-qx56-qx80-nissan-armada-titan-zd1509-d10601la1a,front-brake-pad-for-infiniti-qx56-qx80-nissan-armada-zd1510-d4060-1lb0a"
NISSAN,ARMADA,2017,Platinum Sport Utility 4-Door,"5-6l-rear-wheel-bearing-and-hub-assembly-for-infiniti-qx56-qx80-nissan-armada,front-left-and-right-wheel-bearing-and-hubs-for-nissan-armada-infiniti-qx56-qx80,front-brake-pad-for-infiniti-qx56-qx80-nissan-armada-titan-zd1509-d10601la1a,front-brake-pad-for-infiniti-qx56-qx80-nissan-armada-zd1510-d4060-1lb0a"
NISSAN,ARMADA,2017,SL Sport Utility 4-Door,"5-6l-rear-wheel-bearing-and-hub-assembly-for-infiniti-qx56-qx80-nissan-armada,front-left-and-right-wheel-bearing-and-hubs-for-nissan-armada-infiniti-qx56-qx80,front-brake-pad-for-infiniti-qx56-qx80-nissan-armada-titan-zd1509-d10601la1a,front-brake-pad-for-infiniti-qx56-qx80-nissan-armada-zd1510-d4060-1lb0a"
NISSAN,ARMADA,2017,SV Sport Utility 4-Door,"5-6l-rear-wheel-bearing-and-hub-assembly-for-infiniti-qx56-qx80-nissan-armada,front-left-and-right-wheel-bearing-and-hubs-for-nissan-armada-infiniti-qx56-qx80,front-brake-pad-for-infiniti-qx56-qx80-nissan-armada-titan-zd1509-d10601la1a,front-brake-pad-for-infiniti-qx56-qx80-nissan-armada-zd1510-d4060-1lb0a"
INFINITI,QX80,2016,Base Sport Utility 4-Door,"5-6l-rear-wheel-bearing-and-hub-assembly-for-infiniti-qx56-qx80-nissan-armada,front-upper-lower-control-arm-bushing-for-nissan-frontier-navara-np300-05-24-8pc,front-left-and-right-wheel-bearing-and-hubs-for-nissan-armada-infiniti-qx56-qx80,front-brake-pad-for-infiniti-qx56-qx80-nissan-armada-titan-zd1509-d10601la1a,front-brake-pad-for-infiniti-qx56-qx80-nissan-armada-zd1510-d4060-1lb0a"
INFINITI,QX80,2016,Limited Sport Utility 4-Door,"5-6l-rear-wheel-bearing-and-hub-assembly-for-infiniti-qx56-qx80-nissan-armada,front-upper-lower-control-arm-bushing-for-nissan-frontier-navara-np300-05-24-8pc,front-left-and-right-wheel-bearing-and-hubs-for-nissan-armada-infiniti-qx56-qx80,front-brake-pad-for-infiniti-qx56-qx80-nissan-armada-titan-zd1509-d10601la1a,front-brake-pad-for-infiniti-qx56-qx80-nissan-armada-zd1510-d4060-1lb0a"
INFINITI,QX80,2016,Perfection Sport Utility 4-Door,"5-6l-rear-wheel-bearing-and-hub-assembly-for-infiniti-qx56-qx80-nissan-armada,front-upper-lower-control-arm-bushing-for-nissan-frontier-navara-np300-05-24-8pc,front-left-and-right-wheel-bearing-and-hubs-for-nissan-armada-infiniti-qx56-qx80,front-brake-pad-for-infiniti-qx56-qx80-nissan-armada-titan-zd1509-d10601la1a,front-brake-pad-for-infiniti-qx56-qx80-nissan-armada-zd1510-d4060-1lb0a"
INFINITI,QX80,2015,Base Sport Utility 4-Door,"5-6l-rear-wheel-bearing-and-hub-assembly-for-infiniti-qx56-qx80-nissan-armada,front-upper-lower-control-arm-bushing-for-nissan-frontier-navara-np300-05-24-8pc,front-left-and-right-wheel-bearing-and-hubs-for-nissan-armada-infiniti-qx56-qx80,front-brake-pad-for-infiniti-qx56-qx80-nissan-armada-titan-zd1509-d10601la1a,front-brake-pad-for-infiniti-qx56-qx80-nissan-armada-zd1510-d4060-1lb0a"
INFINITI,QX80,2014,Base Sport Utility 4-Door,"5-6l-rear-wheel-bearing-and-hub-assembly-for-infiniti-qx56-qx80-nissan-armada,front-upper-lower-control-arm-bushing-for-nissan-frontier-navara-np300-05-24-8pc,front-left-and-right-wheel-bearing-and-hubs-for-nissan-armada-infiniti-qx56-qx80,front-brake-pad-for-infiniti-qx56-qx80-nissan-armada-titan-zd1509-d10601la1a,front-brake-pad-for-infiniti-qx56-qx80-nissan-armada-zd1510-d4060-1lb0a"
INFINITI,QX56,2013,Base Sport Utility 4-Door,"5-6l-rear-wheel-bearing-and-hub-assembly-for-infiniti-qx56-qx80-nissan-armada,front-upper-lower-control-arm-bushing-for-nissan-frontier-navara-np300-05-24-8pc,front-left-and-right-wheel-bearing-and-hubs-for-nissan-armada-infiniti-qx56-qx80,front-brake-pad-for-infiniti-qx56-qx80-nissan-armada-titan-zd1509-d10601la1a,front-brake-pad-for-infiniti-qx56-qx80-nissan-armada-zd1510-d4060-1lb0a"
INFINITI,QX56,2012,Base Sport Utility 4-Door,"5-6l-rear-wheel-bearing-and-hub-assembly-for-infiniti-qx56-qx80-nissan-armada,front-upper-lower-control-arm-bushing-for-nissan-frontier-navara-np300-05-24-8pc,front-left-and-right-wheel-bearing-and-hubs-for-nissan-armada-infiniti-qx56-qx80,front-brake-pad-for-infiniti-qx56-qx80-nissan-armada-titan-zd1509-d10601la1a,front-brake-pad-for-infiniti-qx56-qx80-nissan-armada-zd1510-d4060-1lb0a"
INFINITI,QX56,2011,Base Sport Utility 4-Door,"5-6l-rear-wheel-bearing-and-hub-assembly-for-infiniti-qx56-qx80-nissan-armada,front-upper-lower-control-arm-bushing-for-nissan-frontier-navara-np300-05-24-8pc,front-left-and-right-wheel-bearing-and-hubs-for-nissan-armada-infiniti-qx56-qx80,front-brake-pad-for-infiniti-qx56-qx80-nissan-armada-titan-zd1509-d10601la1a,front-brake-pad-for-infiniti-qx56-qx80-nissan-armada-zd1510-d4060-1lb0a"
LEXUS,CT200H,2017,Base Hatchback 4-Door,"rear-wheel-bearing-and-hub-assembly-for-toyota-prius-prime-corolla-lexus-ct200h,front-l-or-r-wheel-and-hub-bearing-for-lexus-ct200h-toyota-prius-0516425"
LEXUS,CT200H,2017,F Sport Hatchback 4-Door,"rear-wheel-bearing-and-hub-assembly-for-toyota-prius-prime-corolla-lexus-ct200h,front-l-or-r-wheel-and-hub-bearing-for-lexus-ct200h-toyota-prius-0516425"
LEXUS,CT200H,2016,Base Hatchback 4-Door,"rear-wheel-bearing-and-hub-assembly-for-toyota-prius-prime-corolla-lexus-ct200h,front-l-or-r-wheel-and-hub-bearing-for-lexus-ct200h-toyota-prius-0516425"
LEXUS,CT200H,2016,F Sport Hatchback 4-Door,"rear-wheel-bearing-and-hub-assembly-for-toyota-prius-prime-corolla-lexus-ct200h,front-l-or-r-wheel-and-hub-bearing-for-lexus-ct200h-toyota-prius-0516425"
LEXUS,CT200H,2015,Base Hatchback 4-Door,"rear-wheel-bearing-and-hub-assembly-for-toyota-prius-prime-corolla-lexus-ct200h,front-l-or-r-wheel-and-hub-bearing-for-lexus-ct200h-toyota-prius-0516425"
